"Symbol","Name","LastSale","MarketCap","IPOyear","Sector","industry","Summary Quote",
"YI","111, Inc.","8.52","$694.76M","2018","Health Care","Medical/Nursing Services","https://www.nasdaq.com/symbol/yi",
"PIH","1347 Property Insurance Holdings, Inc.","4.55","$27.27M","2014","Finance","Property-Casualty Insurers","https://www.nasdaq.com/symbol/pih",
"PIHPP","1347 Property Insurance Holdings, Inc.","20.58","n/a","n/a","Finance","Property-Casualty Insurers","https://www.nasdaq.com/symbol/pihpp",
"TURN","180 Degree Capital Corp.","1.98","$61.62M","n/a","Finance","Finance/Investors Services","https://www.nasdaq.com/symbol/turn",
"FLWS","1-800 FLOWERS.COM, Inc.","12.8","$821.48M","1999","Consumer Services","Other Specialty Stores","https://www.nasdaq.com/symbol/flws",
"BCOW","1895 Bancorp of Wisconsin, Inc.","10","$32M","2019","Finance","Banks","https://www.nasdaq.com/symbol/bcow",
"FCCY","1st Constitution Bancorp (NJ)","19.75","$165.98M","n/a","Finance","Savings Institutions","https://www.nasdaq.com/symbol/fccy",
"SRCE","1st Source Corporation","44.23","$1.15B","n/a","Finance","Major Banks","https://www.nasdaq.com/symbol/srce",
"VNET","21Vianet Group, Inc.","9.52","$1.07B","2011","Technology","Computer Software: Programming, Data Processing","https://www.nasdaq.com/symbol/vnet",
"XXII","22nd Century Group, Inc","2.21","$274.93M","n/a","Consumer Non-Durables","Farming/Seeds/Milling","https://www.nasdaq.com/symbol/xxii",
"TWOU","2U, Inc.","55.31","$3.2B","2014","Technology","Computer Software: Prepackaged Software","https://www.nasdaq.com/symbol/twou",
"QFIN","360 Finance, Inc.","13.5","$1.94B","2018","Finance","Finance: Consumer Services","https://www.nasdaq.com/symbol/qfin",
"DDD","3D Systems Corporation","11.16","$1.27B","n/a","Technology","Computer Software: Prepackaged Software","https://www.nasdaq.com/symbol/ddd",
"MMM","3M Company","189.48","$110.33B","n/a","Health Care","Medical/Dental Instruments","https://www.nasdaq.com/symbol/mmm",
"TPNL","3PEA International, Inc.","3.65","$169.36M","n/a","Miscellaneous","Business Services","https://www.nasdaq.com/symbol/tpnl",
"WBAI","500.com Limited","12.63","$536.59M","2013","Consumer Services","Services-Misc. Amusement & Recreation","https://www.nasdaq.com/symbol/wbai",
"JOBS","51job, Inc.","67.2","$4.15B","2004","Technology","Diversified Commercial Services","https://www.nasdaq.com/symbol/jobs",
"WUBA","58.com Inc.","57.8","$8.56B","2013","Technology","Computer Software: Programming, Data Processing","https://www.nasdaq.com/symbol/wuba",
"EGHT","8x8 Inc","19.79","$1.89B","n/a","Technology","EDP Services","https://www.nasdaq.com/symbol/eght",
"AHC","A.H. Belo Corporation","4.25","$91.98M","n/a","Consumer Services","Newspapers/Magazines","https://www.nasdaq.com/symbol/ahc",
"ATEN","A10 Networks, Inc.","6.46","$476.74M","2014","Technology","Computer Communications Equipment","https://www.nasdaq.com/symbol/aten",
"AAC","AAC Holdings, Inc.","2.77","$68.15M","2014","Health Care","Medical Specialities","https://www.nasdaq.com/symbol/aac",
"AAON","AAON, Inc.","35.79","$1.86B","n/a","Capital Goods","Industrial Machinery/Components","https://www.nasdaq.com/symbol/aaon",
"AIR","AAR Corp.","36.7","$1.29B","n/a","Capital Goods","Aerospace","https://www.nasdaq.com/symbol/air",
"AAN","Aaron&#39;s,  Inc.","46.98","$3.41B","n/a","Technology","Diversified Commercial Services","https://www.nasdaq.com/symbol/aan",
"ABB","ABB Ltd","19.17","$40.87B","n/a","Consumer Durables","Electrical Products","https://www.nasdaq.com/symbol/abb",
"ABT","Abbott Laboratories","69.82","$122.63B","n/a","Health Care","Major Pharmaceuticals","https://www.nasdaq.com/symbol/abt",
"ABBV","AbbVie Inc.","85.55","$128.69B","2012","Health Care","Major Pharmaceuticals","https://www.nasdaq.com/symbol/abbv",
"ABEO","Abeona Therapeutics Inc.","7.02","$336.57M","n/a","Health Care","Major Pharmaceuticals","https://www.nasdaq.com/symbol/abeo",
"ABEOW","Abeona Therapeutics Inc.","2.96","n/a","n/a","Health Care","Major Pharmaceuticals","https://www.nasdaq.com/symbol/abeow",
"ANF","Abercrombie & Fitch Company","19.38","$1.28B","n/a","Consumer Services","Clothing/Shoe/Accessory Stores","https://www.nasdaq.com/symbol/anf",
"FAX","Aberdeen Asia-Pacific Income Fund Inc","4.06","$1.02B","1986","n/a","n/a","https://www.nasdaq.com/symbol/fax",
"IAF","Aberdeen Australia Equity Fund Inc","5.13","$116.67M","n/a","n/a","n/a","https://www.nasdaq.com/symbol/iaf",
"AEF","Aberdeen Emerging Markets Equity Income Fund, Inc.","6.9","$417.44M","n/a","n/a","n/a","https://www.nasdaq.com/symbol/aef",
"AGD","Aberdeen Global Dynamic Dividend Fund","9.33","$117.09M","2006","n/a","n/a","https://www.nasdaq.com/symbol/agd",
"FCO","Aberdeen Global Income Fund, Inc.","7.83","$68.32M","1992","n/a","n/a","https://www.nasdaq.com/symbol/fco",
"AWP","Aberdeen Global Premier Properties Fund","5.51","$470.6M","2007","n/a","n/a","https://www.nasdaq.com/symbol/awp",
"ACP","Aberdeen Income Credit Strategies Fund","11.66","$152.44M","2011","n/a","n/a","https://www.nasdaq.com/symbol/acp",
"JEQ","Aberdeen Japan Equity Fund, Inc. ","6.68","$89.44M","1992","n/a","n/a","https://www.nasdaq.com/symbol/jeq",
"AOD","Aberdeen Total Dynamic Dividend Fund","7.87","$846.76M","2007","n/a","n/a","https://www.nasdaq.com/symbol/aod",
"ABIL","Ability Inc.","2.35","$8.61M","2014","Consumer Durables","Telecommunications Equipment","https://www.nasdaq.com/symbol/abil",
"ABMD","ABIOMED, Inc.","324.13","$14.6B","n/a","Health Care","Medical/Dental Instruments","https://www.nasdaq.com/symbol/abmd",
"ABM","ABM Industries Incorporated","34.97","$2.31B","n/a","Finance","Diversified Commercial Services","https://www.nasdaq.com/symbol/abm",
"ABP","Abpro Corporation","n/a","n/a","n/a","n/a","n/a","https://www.nasdaq.com/symbol/abp",
"AXAS","Abraxas Petroleum Corporation","1.36","$226.58M","n/a","Energy","Oil & Gas Production","https://www.nasdaq.com/symbol/axas",
"ACIU","AC Immune SA","11.49","$774M","2016","Health Care","Major Pharmaceuticals","https://www.nasdaq.com/symbol/aciu",
"ACIA","Acacia Communications, Inc.","42.3","$1.71B","2016","Technology","Semiconductors","https://www.nasdaq.com/symbol/acia",
"ACTG","Acacia Research Corporation","3.13","$155.37M","n/a","Miscellaneous","Multi-Sector Companies","https://www.nasdaq.com/symbol/actg",
"ACHC","Acadia Healthcare Company, Inc.","29.05","$2.56B","n/a","Health Care","Medical Specialities","https://www.nasdaq.com/symbol/achc",
"ACAD","ACADIA Pharmaceuticals Inc.","21.77","$2.72B","1985","Health Care","Major Pharmaceuticals","https://www.nasdaq.com/symbol/acad",
"AKR","Acadia Realty Trust","26.35","$2.15B","n/a","Consumer Services","Real Estate Investment Trusts","https://www.nasdaq.com/symbol/akr",
"ACST","Acasti Pharma, Inc.","1.09","$85.16M","n/a","Health Care","Major Pharmaceuticals","https://www.nasdaq.com/symbol/acst",
"AXDX","Accelerate Diagnostics, Inc.","15.99","$866.64M","n/a","Capital Goods","Biotechnology: Laboratory Analytical Instruments","https://www.nasdaq.com/symbol/axdx",
"ACCP","Accelerated Pharma, Inc.","n/a","n/a","n/a","n/a","n/a","https://www.nasdaq.com/symbol/accp",
"XLRN","Acceleron Pharma Inc.","42.81","$1.98B","2013","Health Care","Biotechnology: Biological Products (No Diagnostic Substances)","https://www.nasdaq.com/symbol/xlrn",
"ACN","Accenture plc","147.88","$98.52B","2001","Miscellaneous","Business Services","https://www.nasdaq.com/symbol/acn",
"ANCX","Access National Corporation","24.22","$510.26M","n/a","Finance","Savings Institutions","https://www.nasdaq.com/symbol/ancx",
"ACCO","Acco Brands Corporation","8.5","$873.29M","n/a","Consumer Durables","Publishing","https://www.nasdaq.com/symbol/acco",
"ARAY","Accuray Incorporated","3.88","$336.24M","2007","Health Care","Medical/Dental Instruments","https://www.nasdaq.com/symbol/aray",
"ACRX","AcelRx Pharmaceuticals, Inc.","2.35","$145.48M","2011","Health Care","Major Pharmaceuticals","https://www.nasdaq.com/symbol/acrx",
"ACER","Acer Therapeutics Inc.","23.82","$239.46M","n/a","Health Care","Major Pharmaceuticals","https://www.nasdaq.com/symbol/acer",
"ACET","Aceto Corporation","1.33","$40.92M","n/a","Health Care","Other Pharmaceuticals","https://www.nasdaq.com/symbol/acet",
"AKAO","Achaogen, Inc.","1.33","$60.8M","2014","Health Care","Major Pharmaceuticals","https://www.nasdaq.com/symbol/akao",
"ACHV","Achieve Life Sciences, Inc. ","1.26","$8.47M","n/a","Health Care","Biotechnology: In Vitro & In Vivo Diagnostic Substances","https://www.nasdaq.com/symbol/achv",
"ACHN","Achillion Pharmaceuticals, Inc.","2.15","$298.02M","2006","Health Care","Major Pharmaceuticals","https://www.nasdaq.com/symbol/achn",
"ACIW","ACI Worldwide, Inc.","28.44","$3.3B","n/a","Technology","Computer Software: Prepackaged Software","https://www.nasdaq.com/symbol/aciw",
"ACRS","Aclaris Therapeutics, Inc.","6.46","$264.45M","2015","Health Care","Major Pharmaceuticals","https://www.nasdaq.com/symbol/acrs",
"ACMR","ACM Research, Inc.","10.45","$167.24M","2017","Technology","Industrial Machinery/Components","https://www.nasdaq.com/symbol/acmr",
"ACU","Acme United Corporation.","15.8","$53.23M","1988","Capital Goods","Industrial Machinery/Components","https://www.nasdaq.com/symbol/acu",
"ACNB","ACNB Corporation","38.26","$269.44M","n/a","Finance","Major Banks","https://www.nasdaq.com/symbol/acnb",
"ACOR","Acorda Therapeutics, Inc.","16.8","$798.98M","2006","Health Care","Biotechnology: Biological Products (No Diagnostic Substances)","https://www.nasdaq.com/symbol/acor",
"ATV","Acorn International, Inc.","22.432","$60.12M","2007","Consumer Services","Other Specialty Stores","https://www.nasdaq.com/symbol/atv",
"ATNM","Actinium Pharmaceuticals, Inc.","0.4301","$49.76M","n/a","Health Care","Major Pharmaceuticals","https://www.nasdaq.com/symbol/atnm",
"ATVI","Activision Blizzard, Inc","47.13","$35.96B","n/a","Technology","Computer Software: Prepackaged Software","https://www.nasdaq.com/symbol/atvi",
"ATU","Actuant Corporation","22","$1.34B","n/a","Technology","Industrial Machinery/Components","https://www.nasdaq.com/symbol/atu",
"AYI","Acuity Brands, Inc. ","117.34","$4.68B","n/a","Consumer Durables","Building Products","https://www.nasdaq.com/symbol/ayi",
"GOLF","Acushnet Holdings Corp.","23.08","$1.73B","2016","Consumer Non-Durables","Recreational Products/Toys","https://www.nasdaq.com/symbol/golf",
"ADMS","Adamas Pharmaceuticals, Inc.","8.59","$234.81M","2014","Health Care","Major Pharmaceuticals","https://www.nasdaq.com/symbol/adms",
"ADMP","Adamis Pharmaceuticals Corporation","2.63","$124.38M","n/a","Health Care","Major Pharmaceuticals","https://www.nasdaq.com/symbol/admp",
"ADX","Adams Diversified Equity Fund, Inc.","13.5","$1.36B","n/a","n/a","n/a","https://www.nasdaq.com/symbol/adx",
"PEO","Adams Natural Resources Fund, Inc.","15.85","$459.58M","n/a","n/a","n/a","https://www.nasdaq.com/symbol/peo",
"AE","Adams Resources & Energy, Inc.","42.17","$177.86M","n/a","Energy","Oil Refining/Marketing","https://www.nasdaq.com/symbol/ae",
"ADAP","Adaptimmune Therapeutics plc","5.31","$555.27M","2015","Health Care","Biotechnology: Biological Products (No Diagnostic Substances)","https://www.nasdaq.com/symbol/adap",
"ADUS","Addus HomeCare Corporation","64.33","$842.62M","2009","Health Care","Medical/Nursing Services","https://www.nasdaq.com/symbol/adus",
"AEY","ADDvantage Technologies Group, Inc.","1.3868","$14.29M","n/a","Consumer Services","Office Equipment/Supplies/Services","https://www.nasdaq.com/symbol/aey",
"AGRO","Adecoagro S.A.","7.21","$840.36M","2011","Consumer Non-Durables","Farming/Seeds/Milling","https://www.nasdaq.com/symbol/agro",
"IOTS","Adesto Technologies Corporation","5.05","$148.64M","2015","Technology","Semiconductors","https://www.nasdaq.com/symbol/iots",
"ADIL","Adial Pharmaceuticals, Inc","7.6","$51.06M","2018","Health Care","Major Pharmaceuticals","https://www.nasdaq.com/symbol/adil",
"ADILW","Adial Pharmaceuticals, Inc","1.4501","n/a","2018","Health Care","Major Pharmaceuticals","https://www.nasdaq.com/symbol/adilw",
"ADNT","Adient plc","17.39","$1.62B","2016","Capital Goods","Auto Parts:O.E.M.","https://www.nasdaq.com/symbol/adnt",
"ADMA","ADMA Biologics Inc","3.4","$157.59M","n/a","Health Care","Biotechnology: Biological Products (No Diagnostic Substances)","https://www.nasdaq.com/symbol/adma",
"ADBE","Adobe Inc.","241.95","$118.1B","1986","Technology","Computer Software: Prepackaged Software","https://www.nasdaq.com/symbol/adbe",
"ADOM","ADOMANI, Inc.","0.27","$19.64M","2017","Capital Goods","Auto Parts:O.E.M.","https://www.nasdaq.com/symbol/adom",
"ADT","ADT Inc.","7.14","$5.48B","2018","Consumer Services","Diversified Commercial Services","https://www.nasdaq.com/symbol/adt",
"ATGE","Adtalem Global Education Inc.","47.99","$2.82B","n/a","Consumer Services","Other Consumer Services","https://www.nasdaq.com/symbol/atge",
"ADTN","ADTRAN, Inc.","11.77","$560.84M","1994","Public Utilities","Telecommunications Equipment","https://www.nasdaq.com/symbol/adtn",
"ADRO","Aduro Biotech, Inc.","2.8","$222.33M","2015","Health Care","Major Pharmaceuticals","https://www.nasdaq.com/symbol/adro",
"AAP","Advance Auto Parts Inc","162.44","$11.84B","n/a","Consumer Services","Other Specialty Stores","https://www.nasdaq.com/symbol/aap",
"ADSW","Advanced Disposal Services, Inc.","24.94","$2.21B","2016","Public Utilities","Environmental Services","https://www.nasdaq.com/symbol/adsw",
"WMS","Advanced Drainage Systems, Inc.","25.07","$1.43B","2014","Capital Goods","Containers/Packaging","https://www.nasdaq.com/symbol/wms",
"ADES","Advanced Emissions Solutions, Inc.","11.08","$220.67M","n/a","Basic Industries","Major Chemicals","https://www.nasdaq.com/symbol/ades",
"AEIS","Advanced Energy Industries, Inc.","45.61","$1.76B","1995","Capital Goods","Industrial Machinery/Components","https://www.nasdaq.com/symbol/aeis",
"AMD","Advanced Micro Devices, Inc.","19.73","$19.72B","n/a","Technology","Semiconductors","https://www.nasdaq.com/symbol/amd",
"ASIX","AdvanSix Inc.","28.23","$841.33M","2016","Basic Industries","Major Chemicals","https://www.nasdaq.com/symbol/asix",
"ADXS","Advaxis, Inc.","0.37","$25.79M","n/a","Health Care","Major Pharmaceuticals","https://www.nasdaq.com/symbol/adxs",
"AVK","Advent Claymore Convertible Securities and Income Fund","13.61","$469.89M","2003","n/a","n/a","https://www.nasdaq.com/symbol/avk",
"ADVM","Adverum Biotechnologies, Inc.","3.19","$200.55M","2014","Health Care","Biotechnology: Biological Products (No Diagnostic Substances)","https://www.nasdaq.com/symbol/advm",
"DWMC","AdvisorShares Dorsey Wright Micro-Cap ETF","20.3","$1.52M","n/a","n/a","n/a","https://www.nasdaq.com/symbol/dwmc",
"DWSH","AdvisorShares Dorsey Wright Short ETF","26.7759","$14.06M","n/a","n/a","n/a","https://www.nasdaq.com/symbol/dwsh",
"ACT","AdvisorShares Vice ETF","22.3532","$11.74M","n/a","n/a","n/a","https://www.nasdaq.com/symbol/act",
"ACM","AECOM","29.15","$4.56B","2007","Consumer Services","Military/Government/Technical","https://www.nasdaq.com/symbol/acm",
"AEGN","Aegion Corp","18.39","$594.25M","n/a","Basic Industries","Water Supply","https://www.nasdaq.com/symbol/aegn",
"AGLE","Aeglea BioTherapeutics, Inc.","9.09","$217.82M","2016","Health Care","Major Pharmaceuticals","https://www.nasdaq.com/symbol/agle",
"AEB","Aegon NV","20.21","n/a","n/a","Finance","Life Insurance","https://www.nasdaq.com/symbol/aeb",
"AED","Aegon NV","25.59","n/a","n/a","Finance","Life Insurance","https://www.nasdaq.com/symbol/aed",
"AEG","Aegon NV","5.09","$10.28B","n/a","Finance","Life Insurance","https://www.nasdaq.com/symbol/aeg",
"AEH","Aegon NV","25.44","n/a","n/a","Finance","Life Insurance","https://www.nasdaq.com/symbol/aeh",
"AEHR","Aehr Test Systems","1.14","$25.36M","1997","Capital Goods","Electrical Products","https://www.nasdaq.com/symbol/aehr",
"AMTX","Aemetis, Inc","0.865","$17.6M","n/a","Basic Industries","Major Chemicals","https://www.nasdaq.com/symbol/amtx",
"AER","Aercap Holdings N.V.","45.4","$6.67B","2006","Technology","Diversified Commercial Services","https://www.nasdaq.com/symbol/aer",
"AERI","Aerie Pharmaceuticals, Inc.","42.15","$1.92B","2013","Health Care","Biotechnology: Biological Products (No Diagnostic Substances)","https://www.nasdaq.com/symbol/aeri",
"ACY","AeroCentury Corp.","9.9228","$15.34M","n/a","Technology","Diversified Commercial Services","https://www.nasdaq.com/symbol/acy",
"HIVE","Aerohive Networks, Inc.","3.5","$194.44M","2014","Technology","EDP Services","https://www.nasdaq.com/symbol/hive",
"AJRD","Aerojet Rocketdyne Holdings, Inc. ","37.36","$2.93B","n/a","Capital Goods","Military/Government/Technical","https://www.nasdaq.com/symbol/ajrd",
"AVAV","AeroVironment, Inc.","73.1","$1.75B","2007","Capital Goods","Aerospace","https://www.nasdaq.com/symbol/avav",
"ARPO","Aerpio Pharmaceuticals, Inc.","2.9099","$118.11M","n/a","Health Care","Major Pharmaceuticals","https://www.nasdaq.com/symbol/arpo",
"AEZS","AEterna Zentaris Inc.","3.6","$59.19M","n/a","Health Care","Major Pharmaceuticals","https://www.nasdaq.com/symbol/aezs",
"AEMD","Aethlon Medical, Inc.","1.3","$23.82M","n/a","Capital Goods","Biotechnology: Laboratory Analytical Instruments","https://www.nasdaq.com/symbol/aemd",
"GNMX","Aevi Genomic Medicine, Inc.","0.1933","$12.52M","n/a","Health Care","Biotechnology: Biological Products (No Diagnostic Substances)","https://www.nasdaq.com/symbol/gnmx",
"AMG","Affiliated Managers Group, Inc.","107.15","$5.64B","n/a","Finance","Investment Managers","https://www.nasdaq.com/symbol/amg",
"AFMD","Affimed N.V.","3.59","$224.12M","2014","Health Care","Major Pharmaceuticals","https://www.nasdaq.com/symbol/afmd",
"AFL","Aflac Incorporated","46.81","$35.64B","n/a","Finance","Accident &Health Insurance","https://www.nasdaq.com/symbol/afl",
"MITT","AG Mortgage Investment Trust, Inc.","17.27","$496.4M","2011","n/a","n/a","https://www.nasdaq.com/symbol/mitt",
"MITT^A","AG Mortgage Investment Trust, Inc.","25.02","n/a","n/a","n/a","n/a","https://www.nasdaq.com/symbol/mitt^a",
"MITT^B","AG Mortgage Investment Trust, Inc.","24.986","n/a","n/a","n/a","n/a","https://www.nasdaq.com/symbol/mitt^b",
"AGCO","AGCO Corporation","62.19","$4.87B","n/a","Capital Goods","Industrial Machinery/Components","https://www.nasdaq.com/symbol/agco",
"UAVS","AgEagle Aerial Systems, Inc.","0.5314","$6.17M","n/a","Capital Goods","Aerospace","https://www.nasdaq.com/symbol/uavs",
"AGEN","Agenus Inc.","3.19","$382.79M","2000","Health Care","Biotechnology: Biological Products (No Diagnostic Substances)","https://www.nasdaq.com/symbol/agen",
"AGE","AgeX Therapeutics, Inc.","3.8","n/a","2018","Health Care","Major Pharmaceuticals","https://www.nasdaq.com/symbol/age",
"AGRX","Agile Therapeutics, Inc.","0.78","$26.81M","2014","Health Care","Major Pharmaceuticals","https://www.nasdaq.com/symbol/agrx",
"A","Agilent Technologies, Inc.","70.03","$22.31B","1999","Capital Goods","Biotechnology: Laboratory Analytical Instruments","https://www.nasdaq.com/symbol/a",
"AGYS","Agilysys, Inc.","14.12","$332.22M","n/a","Technology","EDP Services","https://www.nasdaq.com/symbol/agys",
"AGIO","Agios Pharmaceuticals, Inc.","56.2","$3.27B","2013","Health Care","Major Pharmaceuticals","https://www.nasdaq.com/symbol/agio",
"AGMH","AGM Group Holdings Inc.","31","$1.03B","2018","Technology","EDP Services","https://www.nasdaq.com/symbol/agmh",
"AGNC","AGNC Investment Corp.","17.98","$9.38B","2008","Consumer Services","Real Estate Investment Trusts","https://www.nasdaq.com/symbol/agnc",
"AGNCB","AGNC Investment Corp.","25.13","$8.71B","n/a","Consumer Services","Real Estate Investment Trusts","https://www.nasdaq.com/symbol/agncb",
"AGNCN","AGNC Investment Corp.","25.4","n/a","n/a","Consumer Services","Real Estate Investment Trusts","https://www.nasdaq.com/symbol/agncn",
"AEM","Agnico Eagle Mines Limited","39.28","$9.22B","n/a","Basic Industries","Precious Metals","https://www.nasdaq.com/symbol/aem",
"ADC","Agree Realty Corporation","62.09","$2.33B","n/a","Consumer Services","Real Estate Investment Trusts","https://www.nasdaq.com/symbol/adc",
"AGFS","AgroFresh Solutions, Inc.","4.04","$203.77M","2014","Finance","Business Services","https://www.nasdaq.com/symbol/agfs",
"AGFSW","AgroFresh Solutions, Inc.","0.14","n/a","2014","Finance","Business Services","https://www.nasdaq.com/symbol/agfsw",
"ALRN","Aileron Therapeutics, Inc.","1.4693","$21.67M","2017","Health Care","Major Pharmaceuticals","https://www.nasdaq.com/symbol/alrn",
"AIMT","Aimmune Therapeutics, Inc.","23.47","$1.45B","2015","Health Care","Major Pharmaceuticals","https://www.nasdaq.com/symbol/aimt",
"AIRI","Air Industries Group","0.99","$27.47M","n/a","Capital Goods","Military/Government/Technical","https://www.nasdaq.com/symbol/airi",
"AL","Air Lease Corporation","36.65","$4.07B","2011","Technology","Diversified Commercial Services","https://www.nasdaq.com/symbol/al",
"APD","Air Products and Chemicals, Inc.","154.62","$33.95B","n/a","Basic Industries","Major Chemicals","https://www.nasdaq.com/symbol/apd",
"AIRT","Air T, Inc.","30.28","$61.46M","n/a","Transportation","Air Freight/Delivery Services","https://www.nasdaq.com/symbol/airt",
"ATSG","Air Transport Services Group, Inc","23.28","$1.38B","n/a","Transportation","Air Freight/Delivery Services","https://www.nasdaq.com/symbol/atsg",
"AYR","Aircastle Limited","19.96","$1.52B","2006","Technology","Diversified Commercial Services","https://www.nasdaq.com/symbol/ayr",
"AIRG","Airgain, Inc.","11.46","$113.62M","2016","Technology","Radio And Television Broadcasting And Communications Equipment","https://www.nasdaq.com/symbol/airg",
"AMCN","AirMedia Group Inc","0.394","$24.75M","2007","Technology","Advertising","https://www.nasdaq.com/symbol/amcn",
"AKS","AK Steel Holding Corporation","2.69","$848.81M","n/a","Basic Industries","Steel/Iron Ore","https://www.nasdaq.com/symbol/aks",
"AKAM","Akamai Technologies, Inc.","63.82","$10.39B","1999","Miscellaneous","Business Services","https://www.nasdaq.com/symbol/akam",
"AKTX","Akari Therapeutics Plc","1.91","$29.14M","n/a","Health Care","Major Pharmaceuticals","https://www.nasdaq.com/symbol/aktx",
"AKCA","Akcea Therapeutics, Inc.","30.64","$2.73B","2017","Health Care","Major Pharmaceuticals","https://www.nasdaq.com/symbol/akca",
"AKBA","Akebia Therapeutics, Inc.","6.18","$722.36M","2014","Health Care","Major Pharmaceuticals","https://www.nasdaq.com/symbol/akba",
"AKER","Akers Biosciences Inc.","1.47","$18.34M","2014","Health Care","Biotechnology: In Vitro & In Vivo Diagnostic Substances","https://www.nasdaq.com/symbol/aker",
"AKRX","Akorn, Inc.","3.64","$456.79M","n/a","Health Care","Major Pharmaceuticals","https://www.nasdaq.com/symbol/akrx",
"AKTS","Akoustis Technologies, Inc.","6.03","$179.54M","n/a","Public Utilities","Telecommunications Equipment","https://www.nasdaq.com/symbol/akts",
"ALP^Q","Alabama Power Company","24.775","n/a","n/a","n/a","n/a","https://www.nasdaq.com/symbol/alp^q",
"ALG","Alamo Group, Inc.","82.67","$970.16M","n/a","Capital Goods","Industrial Machinery/Components","https://www.nasdaq.com/symbol/alg",
"AGI","Alamos Gold Inc.","4.1","$1.6B","2015","Basic Industries","Precious Metals","https://www.nasdaq.com/symbol/agi",
"ALRM","Alarm.com Holdings, Inc.","57.65","$2.77B","2015","Technology","Computer Software: Prepackaged Software","https://www.nasdaq.com/symbol/alrm",
"ALK","Alaska Air Group, Inc.","64.9","$8B","n/a","Transportation","Air Freight/Delivery Services","https://www.nasdaq.com/symbol/alk",
"ALSK","Alaska Communications Systems Group, Inc.","1.89","$100.52M","1999","Public Utilities","Telecommunications Equipment","https://www.nasdaq.com/symbol/alsk",
"AIN","Albany International Corporation","67.6","$2.18B","n/a","Basic Industries","Textiles","https://www.nasdaq.com/symbol/ain",
"ALB","Albemarle Corporation","73.93","$7.85B","n/a","Basic Industries","Major Chemicals","https://www.nasdaq.com/symbol/alb",
"ALAC","Alberton Acquisition Corporation","9.86","$144.84M","2018","Finance","Business Services","https://www.nasdaq.com/symbol/alac",
"ALACR","Alberton Acquisition Corporation","0.25","n/a","2018","Finance","Business Services","https://www.nasdaq.com/symbol/alacr",
"ALACU","Alberton Acquisition Corporation","10.13","n/a","2018","Finance","Business Services","https://www.nasdaq.com/symbol/alacu",
"ALACW","Alberton Acquisition Corporation","0.12","n/a","2018","Finance","Business Services","https://www.nasdaq.com/symbol/alacw",
"ALBO","Albireo Pharma, Inc.","24.25","$290.27M","n/a","Health Care","Major Pharmaceuticals","https://www.nasdaq.com/symbol/albo",
"ABDC","Alcentra Capital Corp.","6.88","$93M","n/a","n/a","n/a","https://www.nasdaq.com/symbol/abdc",
"AA","Alcoa Corporation","28.98","$5.4B","2016","Basic Industries","Aluminum","https://www.nasdaq.com/symbol/aa",
"ALDR","Alder BioPharmaceuticals, Inc.","11.65","$796.01M","2014","Health Care","Major Pharmaceuticals","https://www.nasdaq.com/symbol/aldr",
"ALDX","Aldeyra Therapeutics, Inc.","8.97","$235.41M","2014","Health Care","Major Pharmaceuticals","https://www.nasdaq.com/symbol/aldx",
"ALEX","Alexander & Baldwin, Inc.","21.85","$1.57B","n/a","Consumer Services","Real Estate Investment Trusts","https://www.nasdaq.com/symbol/alex",
"ALX","Alexander&#39;s, Inc.","314.92","$1.61B","n/a","Consumer Services","Real Estate Investment Trusts","https://www.nasdaq.com/symbol/alx",
"ARE","Alexandria Real Estate Equities, Inc.","121.9","$13.11B","n/a","Consumer Services","Real Estate Investment Trusts","https://www.nasdaq.com/symbol/are",
"ARE^D","Alexandria Real Estate Equities, Inc.","34.3534","n/a","n/a","n/a","n/a","https://www.nasdaq.com/symbol/are^d",
"AXU","Alexco Resource Corp","0.977","$105.51M","n/a","Basic Industries","Precious Metals","https://www.nasdaq.com/symbol/axu",
"ALXN","Alexion Pharmaceuticals, Inc.","111.7","$24.92B","1996","Health Care","Major Pharmaceuticals","https://www.nasdaq.com/symbol/alxn",
"AQN","Algonquin Power & Utilities Corp.","10.55","$5.16B","2016","Public Utilities","Electric Utilities: Central","https://www.nasdaq.com/symbol/aqn",
"AQNA","Algonquin Power & Utilities Corp.","25.4","n/a","2018","Public Utilities","Electric Utilities: Central","https://www.nasdaq.com/symbol/aqna",
"BABA","Alibaba Group Holding Limited","154.84","$401.37B","2014","Miscellaneous","Business Services","https://www.nasdaq.com/symbol/baba",
"ALCO","Alico, Inc.","30.23","$225.36M","n/a","Consumer Non-Durables","Farming/Seeds/Milling","https://www.nasdaq.com/symbol/alco",
"ALGN","Align Technology, Inc.","206.79","$16.54B","2001","Health Care","Industrial Specialties","https://www.nasdaq.com/symbol/algn",
"ALIM","Alimera Sciences, Inc.","0.83","$58.17M","2010","Health Care","Major Pharmaceuticals","https://www.nasdaq.com/symbol/alim",
"ALO","Alio Gold Inc.","0.8476","$71.8M","2011","Basic Industries","Precious Metals","https://www.nasdaq.com/symbol/alo",
"ALYA","Alithya Group inc.","2.9","$140.37M","n/a","Technology","Computer Software: Programming, Data Processing","https://www.nasdaq.com/symbol/alya",
"ALJJ","ALJ Regional Holdings, Inc.","1.43","$54.38M","n/a","Miscellaneous","Business Services","https://www.nasdaq.com/symbol/aljj",
"ALKS","Alkermes plc","33.58","$5.22B","1991","Health Care","Major Pharmaceuticals","https://www.nasdaq.com/symbol/alks",
"ALLK","Allakos Inc.","42.75","$1.8B","2018","Health Care","Major Pharmaceuticals","https://www.nasdaq.com/symbol/allk",
"Y","Alleghany Corporation","620","$9.2B","n/a","Finance","Property-Casualty Insurers","https://www.nasdaq.com/symbol/y",
"ATI","Allegheny Technologies Incorporated","24.64","$3.1B","n/a","Basic Industries","Steel/Iron Ore","https://www.nasdaq.com/symbol/ati",
"ABTX","Allegiance Bancshares, Inc.","35.98","$785.34M","2015","Finance","Major Banks","https://www.nasdaq.com/symbol/abtx",
"ALGT","Allegiant Travel Company","119.6","$1.93B","2006","Transportation","Air Freight/Delivery Services","https://www.nasdaq.com/symbol/algt",
"ALLE","Allegion plc","81.01","$7.7B","2013","Consumer Services","Diversified Commercial Services","https://www.nasdaq.com/symbol/alle",
"ALGR","Allegro Merger Corp.","9.84","$187.55M","2018","Finance","Business Services","https://www.nasdaq.com/symbol/algr",
"ALGRR","Allegro Merger Corp.","0.3","n/a","2018","Finance","Business Services","https://www.nasdaq.com/symbol/algrr",
"ALGRU","Allegro Merger Corp.","10.33","n/a","2018","Finance","Business Services","https://www.nasdaq.com/symbol/algru",
"ALGRW","Allegro Merger Corp.","0.28","n/a","2018","Finance","Business Services","https://www.nasdaq.com/symbol/algrw",
"ALNA","Allena Pharmaceuticals, Inc.","8.97","$186.23M","2017","Health Care","Biotechnology: Biological Products (No Diagnostic Substances)","https://www.nasdaq.com/symbol/alna",
"AGN","Allergan plc.","152.89","$51.57B","2013","Health Care","Major Pharmaceuticals","https://www.nasdaq.com/symbol/agn",
"ALE","Allete, Inc.","74.59","$3.84B","n/a","Public Utilities","Power Generation","https://www.nasdaq.com/symbol/ale",
"AKP","Alliance California Municipal Income Fund Inc","13.79","$117.97M","2002","n/a","n/a","https://www.nasdaq.com/symbol/akp",
"ADS","Alliance Data Systems Corporation","168.74","$9.19B","2001","Miscellaneous","Business Services","https://www.nasdaq.com/symbol/ads",
"AMMA","Alliance MMA, Inc.","0.1837","$3.21M","2016","Consumer Services","Services-Misc. Amusement & Recreation","https://www.nasdaq.com/symbol/amma",
"AFB","Alliance National Municipal Income Fund Inc","12.45","$357.87M","2002","n/a","n/a","https://www.nasdaq.com/symbol/afb",
"ARLP","Alliance Resource Partners, L.P.","17.75","$2.31B","1999","Energy","Coal Mining","https://www.nasdaq.com/symbol/arlp",
"AWF","Alliance World Dollar Government Fund II","11.11","$958.01M","1993","n/a","n/a","https://www.nasdaq.com/symbol/awf",
"AB","AllianceBernstein Holding L.P.","29.47","$2.84B","n/a","Finance","Investment Managers","https://www.nasdaq.com/symbol/ab",
"LNT","Alliant Energy Corporation","42.39","$10.01B","n/a","Public Utilities","Power Generation","https://www.nasdaq.com/symbol/lnt",
"CBH","AllianzGI Convertible & Income 2024 Target Term Fund","8.64","$157.74M","2017","n/a","n/a","https://www.nasdaq.com/symbol/cbh",
"NCV","AllianzGI Convertible & Income Fund","5.86","$524.7M","2003","n/a","n/a","https://www.nasdaq.com/symbol/ncv",
"NCV^A","AllianzGI Convertible & Income Fund","23.9468","n/a","n/a","n/a","n/a","https://www.nasdaq.com/symbol/ncv^a",
"NCZ","AllianzGI Convertible & Income Fund II","5.18","$391.19M","2003","n/a","n/a","https://www.nasdaq.com/symbol/ncz",
"NCZ^A","AllianzGI Convertible & Income Fund II","23.34","n/a","n/a","n/a","n/a","https://www.nasdaq.com/symbol/ncz^a",
"ACV","AllianzGI Diversified Income & Convertible Fund","20.62","$212.62M","2015","n/a","n/a","https://www.nasdaq.com/symbol/acv",
"NIE","AllianzGI Equity & Convertible Income Fund","20.19","$559.44M","2007","n/a","n/a","https://www.nasdaq.com/symbol/nie",
"NFJ","AllianzGI NFJ Dividend, Interest & Premium Strategy Fund","11.56","$1.1B","2005","Finance","Finance: Consumer Services","https://www.nasdaq.com/symbol/nfj",
"AHPI","Allied Healthcare Products, Inc.","2.0605","$8.27M","1992","Health Care","Industrial Specialties","https://www.nasdaq.com/symbol/ahpi",
"AMOT","Allied Motion Technologies, Inc.","43.8","$415.07M","n/a","Capital Goods","Electrical Products","https://www.nasdaq.com/symbol/amot",
"ALQA","Alliqua BioMedical, Inc.","2.32","$11.61M","n/a","Health Care","Medical/Dental Instruments","https://www.nasdaq.com/symbol/alqa",
"ALSN","Allison Transmission Holdings, Inc.","47.51","$6.16B","2012","Capital Goods","Auto Parts:O.E.M.","https://www.nasdaq.com/symbol/alsn",
"ALLO","Allogene Therapeutics, Inc.","28.79","$3.5B","2018","Health Care","Biotechnology: Biological Products (No Diagnostic Substances)","https://www.nasdaq.com/symbol/allo",
"ALLT","Allot Ltd.","6.32","$213.07M","2006","Technology","Computer Communications Equipment","https://www.nasdaq.com/symbol/allt",
"MDRX","Allscripts Healthcare Solutions, Inc.","11.64","$2.03B","n/a","Technology","EDP Services","https://www.nasdaq.com/symbol/mdrx",
"ALL","Allstate Corporation (The)","84.54","$29.12B","n/a","Finance","Property-Casualty Insurers","https://www.nasdaq.com/symbol/all",
"ALL^A","Allstate Corporation (The)","24.84","n/a","n/a","n/a","n/a","https://www.nasdaq.com/symbol/all^a",
"ALL^B","Allstate Corporation (The)","24.89","n/a","n/a","n/a","n/a","https://www.nasdaq.com/symbol/all^b",
"ALL^D","Allstate Corporation (The)","25.35","n/a","n/a","n/a","n/a","https://www.nasdaq.com/symbol/all^d",
"ALL^E","Allstate Corporation (The)","25.24","n/a","n/a","n/a","n/a","https://www.nasdaq.com/symbol/all^e",
"ALL^F","Allstate Corporation (The)","25.33","n/a","n/a","n/a","n/a","https://www.nasdaq.com/symbol/all^f",
"ALL^G","Allstate Corporation (The)","24.32","n/a","n/a","n/a","n/a","https://www.nasdaq.com/symbol/all^g",
"ALLY","Ally Financial Inc.","25.64","$10.59B","2014","Finance","Major Banks","https://www.nasdaq.com/symbol/ally",
"ALLY^A","Ally Financial Inc.","25.56","n/a","n/a","n/a","n/a","https://www.nasdaq.com/symbol/ally^a",
"AAU","Almaden Minerals, Ltd.","0.8249","$92.09M","2015","Basic Industries","Precious Metals","https://www.nasdaq.com/symbol/aau",
"ALNY","Alnylam Pharmaceuticals, Inc.","80.88","$8.18B","2004","Health Care","Major Pharmaceuticals","https://www.nasdaq.com/symbol/alny",
"AOSL","Alpha and Omega Semiconductor Limited","10.43","$248.11M","2010","Technology","Semiconductors","https://www.nasdaq.com/symbol/aosl",
"APT","Alpha Pro Tech, Ltd.","4.08","$55.61M","n/a","Health Care","Industrial Specialties","https://www.nasdaq.com/symbol/apt",
"GOOG","Alphabet Inc.","1080.97","$751.78B","2004","Technology","Computer Software: Programming, Data Processing","https://www.nasdaq.com/symbol/goog",
"GOOGL","Alphabet Inc.","1089.51","$757.72B","n/a","Technology","Computer Software: Programming, Data Processing","https://www.nasdaq.com/symbol/googl",
"SMCP","AlphaMark Actively Managed Small Cap ETF","22.37","$22.37M","n/a","n/a","n/a","https://www.nasdaq.com/symbol/smcp",
"ATEC","Alphatec Holdings, Inc.","1.82","$78.65M","2006","Health Care","Medical/Dental Instruments","https://www.nasdaq.com/symbol/atec",
"ALPN","Alpine Immune Sciences, Inc.","5.75","$79.65M","2015","Health Care","Major Pharmaceuticals","https://www.nasdaq.com/symbol/alpn",
"AMR","Alta Mesa Resources, Inc.","1.205","$458.96M","2017","Energy","Oil & Gas Production","https://www.nasdaq.com/symbol/amr",
"AMRWW","Alta Mesa Resources, Inc.","0.083","n/a","2017","Energy","Oil & Gas Production","https://www.nasdaq.com/symbol/amrww",
"AABA","Altaba Inc.","63.89","$38.5B","n/a","Technology","EDP Services","https://www.nasdaq.com/symbol/aaba",
"ALTR","Altair Engineering Inc.","30.25","$2.13B","2017","Technology","Computer Software: Prepackaged Software","https://www.nasdaq.com/symbol/altr",
"AYX","Alteryx, Inc.","68.32","$4.19B","2017","Technology","Computer Software: Prepackaged Software","https://www.nasdaq.com/symbol/ayx",
"ATUS","Altice USA, Inc.","18.05","$12.91B","2017","Consumer Services","Television Services","https://www.nasdaq.com/symbol/atus",
"ALT","Altimmune, Inc.","3.15","$27.58M","n/a","Health Care","Major Pharmaceuticals","https://www.nasdaq.com/symbol/alt",
"AAMC","Altisource Asset Management Corp","28.22","$46.08M","n/a","Finance","Real Estate","https://www.nasdaq.com/symbol/aamc",
"ASPS","Altisource Portfolio Solutions S.A.","23.46","$391.18M","n/a","Consumer Services","Other Consumer Services","https://www.nasdaq.com/symbol/asps",
"AIMC","Altra Industrial Motion Corp.","27.7","$1.79B","2006","Capital Goods","Industrial Machinery/Components","https://www.nasdaq.com/symbol/aimc",
"MO","Altria Group","47.2","$88.69B","n/a","Consumer Non-Durables","Farming/Seeds/Milling","https://www.nasdaq.com/symbol/mo",
"ALTM","Altus Midstream Company","8.57","$2.78B","2017","Energy","Oil & Gas Production","https://www.nasdaq.com/symbol/altm",
"ACH","Aluminum Corporation of China Limited","8.8","$5.25B","2001","Basic Industries","Aluminum","https://www.nasdaq.com/symbol/ach",
"ALZH","Alzheon, Inc.","n/a","n/a","n/a","n/a","n/a","https://www.nasdaq.com/symbol/alzh",
"AMAG","AMAG Pharmaceuticals, Inc.","16.55","$572.74M","n/a","Health Care","Major Pharmaceuticals","https://www.nasdaq.com/symbol/amag",
"AMAL","Amalgamated Bank","19.15","$608.43M","2018","Consumer Non-Durables","Textiles","https://www.nasdaq.com/symbol/amal",
"AMRN","Amarin Corporation plc","16.61","$5.42B","n/a","Health Care","Major Pharmaceuticals","https://www.nasdaq.com/symbol/amrn",
"AMRK","A-Mark Precious Metals, Inc.","11.95","$84.03M","n/a","Basic Industries","Other Specialty Stores","https://www.nasdaq.com/symbol/amrk",
"AMZN","Amazon.com, Inc.","1683.78","$823.32B","1997","Consumer Services","Catalog/Specialty Distribution","https://www.nasdaq.com/symbol/amzn",
"AMBC","Ambac Financial Group, Inc.","18.84","$854.14M","n/a","Finance","Property-Casualty Insurers","https://www.nasdaq.com/symbol/ambc",
"AMBCW","Ambac Financial Group, Inc.","9.122","n/a","n/a","Finance","Property-Casualty Insurers","https://www.nasdaq.com/symbol/ambcw",
"AMBA","Ambarella, Inc.","35.2","$1.13B","2012","Technology","Semiconductors","https://www.nasdaq.com/symbol/amba",
"AMBR","Amber Road, Inc.","8.21","$228.17M","2014","Technology","Computer Software: Prepackaged Software","https://www.nasdaq.com/symbol/ambr",
"ABEV","Ambev S.A.","4.69","$73.73B","2013","Consumer Non-Durables","Beverages (Production/Distribution)","https://www.nasdaq.com/symbol/abev",
"AMBO","Ambow Education Holding Ltd.","5.7799","$124.69M","n/a","Consumer Services","Other Consumer Services","https://www.nasdaq.com/symbol/ambo",
"AMC","AMC Entertainment Holdings, Inc.","14.1","$1.46B","2013","Consumer Services","Movies/Entertainment","https://www.nasdaq.com/symbol/amc",
"AMCX","AMC Networks Inc.","63","$3.56B","n/a","Consumer Services","Television Services","https://www.nasdaq.com/symbol/amcx",
"AMCI","AMCI Acquisition Corp.","n/a","n/a","2018","Finance","Business Services","https://www.nasdaq.com/symbol/amci",
"AMCIU","AMCI Acquisition Corp.","9.94","n/a","2018","Finance","Business Services","https://www.nasdaq.com/symbol/amciu",
"AMCIW","AMCI Acquisition Corp.","n/a","n/a","2018","Finance","Business Services","https://www.nasdaq.com/symbol/amciw",
"DIT","AMCON Distributing Company","95","$58.65M","n/a","Consumer Non-Durables","Food Distributors","https://www.nasdaq.com/symbol/dit",
"DOX","Amdocs Limited","59.5","$8.3B","n/a","Technology","EDP Services","https://www.nasdaq.com/symbol/dox",
"AMED","Amedisys Inc","126.5","$4.03B","n/a","Health Care","Medical/Nursing Services","https://www.nasdaq.com/symbol/amed",
"UHAL","Amerco","345.4","$6.77B","n/a","Consumer Services","Rental/Leasing Companies","https://www.nasdaq.com/symbol/uhal",
"AEE","Ameren Corporation","66.67","$16.29B","n/a","Public Utilities","Power Generation","https://www.nasdaq.com/symbol/aee",
"AMRC","Ameresco, Inc.","14.9","$685.05M","2010","Basic Industries","Engineering & Construction","https://www.nasdaq.com/symbol/amrc",
"AMRH","Ameri Holdings, Inc.","0.225","$8.91M","n/a","Technology","Semiconductors","https://www.nasdaq.com/symbol/amrh",
"AMRHW","Ameri Holdings, Inc.","0.03","n/a","n/a","Technology","Semiconductors","https://www.nasdaq.com/symbol/amrhw",
"ATAX","America First Multifamily Investors, L.P.","5.98","$361.91M","n/a","Finance","Finance: Consumer Services","https://www.nasdaq.com/symbol/atax",
"AMOV","America Movil, S.A.B. de C.V.","15.67","$51.74B","n/a","Public Utilities","Telecommunications Equipment","https://www.nasdaq.com/symbol/amov",
"AMX","America Movil, S.A.B. de C.V.","15.72","$51.9B","n/a","Public Utilities","Telecommunications Equipment","https://www.nasdaq.com/symbol/amx",
"AAL","American Airlines Group, Inc.","32.84","$15.13B","n/a","Transportation","Air Freight/Delivery Services","https://www.nasdaq.com/symbol/aal",
"AAT","American Assets Trust, Inc.","40.9","$1.93B","2011","Consumer Services","Real Estate Investment Trusts","https://www.nasdaq.com/symbol/aat",
"AXL","American Axle & Manufacturing Holdings, Inc.","13.91","$1.55B","n/a","Capital Goods","Auto Parts:O.E.M.","https://www.nasdaq.com/symbol/axl",
"ACC","American Campus Communities Inc","42.95","$5.89B","2004","Consumer Services","Real Estate Investment Trusts","https://www.nasdaq.com/symbol/acc",
"AEO","American Eagle Outfitters, Inc.","19.9","$3.51B","n/a","Consumer Services","Clothing/Shoe/Accessory Stores","https://www.nasdaq.com/symbol/aeo",
"AEP","American Electric Power Company, Inc.","75.72","$37.34B","n/a","Public Utilities","Electric Utilities: Central","https://www.nasdaq.com/symbol/aep",
"AETI","American Electric Technologies, Inc.","0.8501","$7.71M","n/a","Energy","Industrial Machinery/Components","https://www.nasdaq.com/symbol/aeti",
"AEL","American Equity Investment Life Holding Company","30.61","$2.77B","2003","Finance","Life Insurance","https://www.nasdaq.com/symbol/ael",
"AXP","American Express Company","99.41","$84.92B","n/a","Finance","Finance: Consumer Services","https://www.nasdaq.com/symbol/axp",
"AFIN","American Finance Trust, Inc.","13.26","$1.41B","n/a","Consumer Services","Real Estate Investment Trusts","https://www.nasdaq.com/symbol/afin",
"AFG","American Financial Group, Inc.","94.5","$8.43B","n/a","Finance","Property-Casualty Insurers","https://www.nasdaq.com/symbol/afg",
"AFGE","American Financial Group, Inc.","25.45","n/a","2014","Finance","Property-Casualty Insurers","https://www.nasdaq.com/symbol/afge",
"AFGH","American Financial Group, Inc.","25.38","n/a","2015","Finance","Property-Casualty Insurers","https://www.nasdaq.com/symbol/afgh",
"AMH","American Homes 4 Rent","21.21","$6.29B","2013","Consumer Services","Real Estate Investment Trusts","https://www.nasdaq.com/symbol/amh",
"AMH^D","American Homes 4 Rent","23.33","n/a","n/a","n/a","n/a","https://www.nasdaq.com/symbol/amh^d",
"AMH^E","American Homes 4 Rent","22.96","n/a","n/a","n/a","n/a","https://www.nasdaq.com/symbol/amh^e",
"AMH^F","American Homes 4 Rent","20.87","n/a","n/a","n/a","n/a","https://www.nasdaq.com/symbol/amh^f",
"AMH^G","American Homes 4 Rent","21.27","n/a","n/a","n/a","n/a","https://www.nasdaq.com/symbol/amh^g",
"AMH^H","American Homes 4 Rent","22.84","n/a","n/a","n/a","n/a","https://www.nasdaq.com/symbol/amh^h",
"AIG","American International Group, Inc.","43.13","$38.15B","n/a","Finance","Property-Casualty Insurers","https://www.nasdaq.com/symbol/aig",
"AIG.WS","American International Group, Inc.","n/a","n/a","n/a","n/a","n/a","https://www.nasdaq.com/symbol/aig.ws",
"AMID","American Midstream Partners, LP","3.92","$210.96M","2011","Public Utilities","Natural Gas Distribution","https://www.nasdaq.com/symbol/amid",
"AMNB","American National Bankshares, Inc.","33.08","$288.27M","n/a","Finance","Major Banks","https://www.nasdaq.com/symbol/amnb",
"ANAT","American National Insurance Company","131","$3.52B","n/a","Finance","Life Insurance","https://www.nasdaq.com/symbol/anat",
"AOBC","American Outdoor Brands Corporation","13.42","$731.93M","n/a","Capital Goods","Ordnance And Accessories","https://www.nasdaq.com/symbol/aobc",
"APEI","American Public Education, Inc.","29.71","$487.96M","2007","Consumer Services","Other Consumer Services","https://www.nasdaq.com/symbol/apei",
"ARL","American Realty Investors, Inc.","11.91","$190.53M","n/a","Finance","Real Estate","https://www.nasdaq.com/symbol/arl",
"ARA","American Renal Associates Holdings, Inc","12.29","$399.63M","2016","Health Care","Hospital/Nursing Management","https://www.nasdaq.com/symbol/ara",
"AMRB","American River Bankshares","13.9","$81.57M","n/a","Finance","Major Banks","https://www.nasdaq.com/symbol/amrb",
"AMS","American Shared Hospital Services","2.52","$14.4M","n/a","Health Care","Medical Specialities","https://www.nasdaq.com/symbol/ams",
"AMSWA","American Software, Inc.","10.58","$327.52M","n/a","Technology","Computer Software: Prepackaged Software","https://www.nasdaq.com/symbol/amswa",
"AWR","American States Water Company","64.84","$2.38B","n/a","Public Utilities","Water Supply","https://www.nasdaq.com/symbol/awr",
"AMSC","American Superconductor Corporation","11.87","$253.59M","1991","Consumer Durables","Metal Fabrications","https://www.nasdaq.com/symbol/amsc",
"AMT","American Tower Corporation (REIT)","163.78","$72.14B","n/a","Consumer Services","Real Estate Investment Trusts","https://www.nasdaq.com/symbol/amt",
"AVD","American Vanguard Corporation","16.86","$511.2M","n/a","Basic Industries","Agricultural Chemicals","https://www.nasdaq.com/symbol/avd",
"AWK","American Water Works","91.79","$16.58B","2008","Public Utilities","Water Supply","https://www.nasdaq.com/symbol/awk",
"AMWD","American Woodmark Corporation","66.84","$1.15B","1986","Basic Industries","Forest Products","https://www.nasdaq.com/symbol/amwd",
"CRMT","America&#39;s Car-Mart, Inc.","68.81","$466.25M","n/a","Consumer Durables","Automotive Aftermarket","https://www.nasdaq.com/symbol/crmt",
"USAS","Americas Silver Corporation","1.67","$72.48M","2017","Basic Industries","Precious Metals","https://www.nasdaq.com/symbol/usas",
"COLD","Americold Realty Trust","27.76","$4.1B","2018","Consumer Services","Real Estate Investment Trusts","https://www.nasdaq.com/symbol/cold",
"APU","AmeriGas Partners, L.P.","29.32","$2.73B","n/a","Consumer Services","Other Specialty Stores","https://www.nasdaq.com/symbol/apu",
"AMP","AMERIPRISE FINANCIAL SERVICES, INC.","118.26","$16.48B","n/a","Finance","Investment Managers","https://www.nasdaq.com/symbol/amp",
"ABCB","Ameris Bancorp","35.34","$1.68B","1994","Finance","Major Banks","https://www.nasdaq.com/symbol/abcb",
"AMSF","AMERISAFE, Inc.","55.13","$1.06B","2005","Finance","Property-Casualty Insurers","https://www.nasdaq.com/symbol/amsf",
"ASRV","AmeriServ Financial Inc.","4.11","$72.94M","n/a","Finance","Major Banks","https://www.nasdaq.com/symbol/asrv",
"ASRVP","AmeriServ Financial Inc.","28.52","n/a","n/a","Finance","Major Banks","https://www.nasdaq.com/symbol/asrvp",
"ABC","AmerisourceBergen Corporation (Holding Co)","77.3","$16.38B","n/a","Health Care","Other Pharmaceuticals","https://www.nasdaq.com/symbol/abc",
"ATLO","Ames National Corporation","25.5","$237.43M","n/a","Finance","Major Banks","https://www.nasdaq.com/symbol/atlo",
"AMGN","Amgen Inc.","198.89","$126.74B","1983","Health Care","Biotechnology: Biological Products (No Diagnostic Substances)","https://www.nasdaq.com/symbol/amgn",
"FOLD","Amicus Therapeutics, Inc.","12.16","$2.3B","2007","Health Care","Major Pharmaceuticals","https://www.nasdaq.com/symbol/fold",
"ANFI","Amira Nature Foods Ltd","0.8621","$32.69M","2012","Consumer Non-Durables","Packaged Foods","https://www.nasdaq.com/symbol/anfi",
"AMKR","Amkor Technology, Inc.","7.27","$1.74B","1998","Technology","Semiconductors","https://www.nasdaq.com/symbol/amkr",
"AMN","AMN Healthcare Services Inc","61","$2.86B","n/a","Technology","Professional Services","https://www.nasdaq.com/symbol/amn",
"AMRX","Amneal Pharmaceuticals, Inc.","12.43","$3.71B","2018","n/a","n/a","https://www.nasdaq.com/symbol/amrx",
"AP","Ampco-Pittsburgh Corporation","4.2","$52.48M","n/a","Capital Goods","Fluid Controls","https://www.nasdaq.com/symbol/ap",
"AMPH","Amphastar Pharmaceuticals, Inc.","21.78","$1B","2014","Health Care","Major Pharmaceuticals","https://www.nasdaq.com/symbol/amph",
"APH","Amphenol Corporation","81.35","$24.51B","n/a","Capital Goods","Electrical Products","https://www.nasdaq.com/symbol/aph",
"AMPE","Ampio Pharmaceuticals, Inc.","0.5","$53.36M","n/a","Health Care","Major Pharmaceuticals","https://www.nasdaq.com/symbol/ampe",
"IBUY","Amplify Online Retail ETF","43.78","$280.19M","n/a","n/a","n/a","https://www.nasdaq.com/symbol/ibuy",
"APHB","AmpliPhi Biosciences Corporation","0.2473","$7.99M","n/a","Health Care","Biotechnology: Biological Products (No Diagnostic Substances)","https://www.nasdaq.com/symbol/aphb",
"AXR","AMREP Corporation","6.56","$53.32M","n/a","Consumer Services","Newspapers/Magazines","https://www.nasdaq.com/symbol/axr",
"ASYS","Amtech Systems, Inc.","4.59","$65.25M","n/a","Technology","Industrial Machinery/Components","https://www.nasdaq.com/symbol/asys",
"AME","AMTEK, Inc.","70.28","$16.31B","n/a","Consumer Durables","Metal Fabrications","https://www.nasdaq.com/symbol/ame",
"AFSI^A","AmTrust Financial Services, Inc.","14.03","n/a","n/a","n/a","n/a","https://www.nasdaq.com/symbol/afsi^a",
"AFSI^B","AmTrust Financial Services, Inc.","14.44","n/a","n/a","n/a","n/a","https://www.nasdaq.com/symbol/afsi^b",
"AFSI^C","AmTrust Financial Services, Inc.","15.366","n/a","n/a","n/a","n/a","https://www.nasdaq.com/symbol/afsi^c",
"AFSI^D","AmTrust Financial Services, Inc.","14.5","n/a","n/a","n/a","n/a","https://www.nasdaq.com/symbol/afsi^d",
"AFSI^E","AmTrust Financial Services, Inc.","15.5","n/a","n/a","n/a","n/a","https://www.nasdaq.com/symbol/afsi^e",
"AFSI^F","AmTrust Financial Services, Inc.","13.76","n/a","n/a","n/a","n/a","https://www.nasdaq.com/symbol/afsi^f",
"AFSS","AmTrust Financial Services, Inc.","21.22","n/a","2015","Finance","Property-Casualty Insurers","https://www.nasdaq.com/symbol/afss",
"AFST","AmTrust Financial Services, Inc.","21.91","n/a","2015","Finance","Property-Casualty Insurers","https://www.nasdaq.com/symbol/afst",
"AMRS","Amyris, Inc.","3.68","$270.69M","2010","Basic Industries","Major Chemicals","https://www.nasdaq.com/symbol/amrs",
"APC","Anadarko Petroleum Corporation","46.79","$23.6B","n/a","Energy","Oil & Gas Production","https://www.nasdaq.com/symbol/apc",
"ADI","Analog Devices, Inc.","87","$32.2B","n/a","Technology","Semiconductors","https://www.nasdaq.com/symbol/adi",
"PLAN","Anaplan, Inc.","28.73","$3.59B","2018","Technology","Computer Software: Prepackaged Software","https://www.nasdaq.com/symbol/plan",
"ANAB","AnaptysBio, Inc.","71.51","$1.91B","2017","Health Care","Major Pharmaceuticals","https://www.nasdaq.com/symbol/anab",
"AVXL","Anavex Life Sciences Corp.","1.84","$85.72M","n/a","Health Care","Biotechnology: Commercial Physical & Biological Resarch","https://www.nasdaq.com/symbol/avxl",
"ANDX","Andeavor Logistics LP","36.99","$9.08B","2011","Energy","Natural Gas Distribution","https://www.nasdaq.com/symbol/andx",
"ANGI","ANGI Homeservices Inc.","15.92","$7.98B","n/a","Consumer Services","Advertising","https://www.nasdaq.com/symbol/angi",
"ANGO","AngioDynamics, Inc.","20.79","$772.08M","2004","Health Care","Medical/Dental Instruments","https://www.nasdaq.com/symbol/ango",
"AU","AngloGold Ashanti Limited","12.47","$5.13B","n/a","Basic Industries","Precious Metals","https://www.nasdaq.com/symbol/au",
"BUD","Anheuser-Busch Inbev SA","70.5","$137.93B","n/a","Consumer Non-Durables","Beverages (Production/Distribution)","https://www.nasdaq.com/symbol/bud",
"ANIP","ANI Pharmaceuticals, Inc.","54.1","$641.5M","n/a","Health Care","Major Pharmaceuticals","https://www.nasdaq.com/symbol/anip",
"ANIK","Anika Therapeutics Inc.","34.49","$490.15M","n/a","Health Care","Medical/Dental Instruments","https://www.nasdaq.com/symbol/anik",
"ANIX","Anixa Biosciences, Inc.","4.3","$82.96M","n/a","Health Care","Medical Specialities","https://www.nasdaq.com/symbol/anix",
"AXE","Anixter International Inc.","58","$1.94B","n/a","Consumer Non-Durables","Telecommunications Equipment","https://www.nasdaq.com/symbol/axe",
"NLY","Annaly Capital Management Inc","10.18","$14.14B","n/a","Consumer Services","Real Estate Investment Trusts","https://www.nasdaq.com/symbol/nly",
"NLY^C","Annaly Capital Management Inc","25.19","n/a","n/a","n/a","n/a","https://www.nasdaq.com/symbol/nly^c",
"NLY^D","Annaly Capital Management Inc","25.09","n/a","n/a","n/a","n/a","https://www.nasdaq.com/symbol/nly^d",
"NLY^F","Annaly Capital Management Inc","24.9007","n/a","n/a","n/a","n/a","https://www.nasdaq.com/symbol/nly^f",
"NLY^G","Annaly Capital Management Inc","23.21","n/a","n/a","n/a","n/a","https://www.nasdaq.com/symbol/nly^g",
"NLY^H","Annaly Capital Management Inc","25.58","n/a","n/a","n/a","n/a","https://www.nasdaq.com/symbol/nly^h",
"ANSS","ANSYS, Inc.","157.13","$13.13B","1996","Technology","Computer Software: Prepackaged Software","https://www.nasdaq.com/symbol/anss",
"ATRS","Antares Pharma, Inc.","3.01","$474.2M","n/a","Health Care","Medical/Dental Instruments","https://www.nasdaq.com/symbol/atrs",
"AMGP","Antero Midstream GP LP","12.33","$2.3B","2017","Public Utilities","Natural Gas Distribution","https://www.nasdaq.com/symbol/amgp",
"AM","Antero Midstream Partners LP","23.59","$4.41B","2014","Public Utilities","Natural Gas Distribution","https://www.nasdaq.com/symbol/am",
"AR","Antero Resources Corporation","10.71","$3.3B","2013","Energy","Oil & Gas Production","https://www.nasdaq.com/symbol/ar",
"ANTM","Anthem, Inc.","261.92","$67.74B","n/a","Health Care","Medical Specialities","https://www.nasdaq.com/symbol/antm",
"ANH","Anworth Mortgage Asset  Corporation","4.39","$432.26M","n/a","Consumer Services","Real Estate Investment Trusts","https://www.nasdaq.com/symbol/anh",
"ANH^A","Anworth Mortgage Asset  Corporation","25.5608","n/a","n/a","n/a","n/a","https://www.nasdaq.com/symbol/anh^a",
"ANH^B","Anworth Mortgage Asset  Corporation","24.3","n/a","n/a","n/a","n/a","https://www.nasdaq.com/symbol/anh^b",
"ANH^C","Anworth Mortgage Asset  Corporation","24.5592","n/a","n/a","n/a","n/a","https://www.nasdaq.com/symbol/anh^c",
"AON","Aon plc","150.99","$36.37B","n/a","Finance","Specialty Insurers","https://www.nasdaq.com/symbol/aon",
"APA","Apache Corporation","31.21","$11.85B","n/a","Energy","Oil & Gas Production","https://www.nasdaq.com/symbol/apa",
"AIV","Apartment Investment and Management Company","46.24","$7.2B","1994","Consumer Services","Real Estate Investment Trusts","https://www.nasdaq.com/symbol/aiv",
"AIV^A","Apartment Investment and Management Company","25.5","n/a","n/a","n/a","n/a","https://www.nasdaq.com/symbol/aiv^a",
"APLS","Apellis Pharmaceuticals, Inc.","15.08","$848.14M","2017","Health Care","Major Pharmaceuticals","https://www.nasdaq.com/symbol/apls",
"APY","Apergy Corporation","32.12","$2.48B","2018","Technology","Industrial Machinery/Components","https://www.nasdaq.com/symbol/apy",
"APHA","Aphria Inc.","6.65","$1.66B","n/a","Consumer Durables","Specialty Chemicals","https://www.nasdaq.com/symbol/apha",
"APOG","Apogee Enterprises, Inc.","32.94","$895.17M","n/a","Capital Goods","Auto Parts:O.E.M.","https://www.nasdaq.com/symbol/apog",
"ARI","Apollo Commercial Real Estate Finance","17.68","$2.37B","2009","Consumer Services","Real Estate Investment Trusts","https://www.nasdaq.com/symbol/ari",
"ARI^C","Apollo Commercial Real Estate Finance","25.05","n/a","n/a","n/a","n/a","https://www.nasdaq.com/symbol/ari^c",
"APEN","Apollo Endosurgery, Inc.","3.25","$71.15M","n/a","Health Care","Medical/Dental Instruments","https://www.nasdaq.com/symbol/apen",
"APO","Apollo Global Management, LLC","27.6","$11.29B","2011","Finance","Investment Managers","https://www.nasdaq.com/symbol/apo",
"APO^A","Apollo Global Management, LLC","24.49","n/a","n/a","n/a","n/a","https://www.nasdaq.com/symbol/apo^a",
"APO^B","Apollo Global Management, LLC","24.14","n/a","n/a","n/a","n/a","https://www.nasdaq.com/symbol/apo^b",
"AINV","Apollo Investment Corporation","14.47","$340.16M","2004","n/a","n/a","https://www.nasdaq.com/symbol/ainv",
"AIY","Apollo Investment Corporation","25.17","n/a","2013","n/a","n/a","https://www.nasdaq.com/symbol/aiy",
"AMEH","Apollo Medical Holdings, Inc.","18.95","$645.9M","n/a","Consumer Services","Professional Services","https://www.nasdaq.com/symbol/ameh",
"AFT","Apollo Senior Floating Rate Fund Inc.","14.69","$228.77M","2011","n/a","n/a","https://www.nasdaq.com/symbol/aft",
"AIF","Apollo Tactical Income Fund Inc.","14.18","$205.1M","2013","n/a","n/a","https://www.nasdaq.com/symbol/aif",
"APPF","AppFolio, Inc.","60.77","$2.08B","2015","Technology","Computer Software: Prepackaged Software","https://www.nasdaq.com/symbol/appf",
"APPN","Appian Corporation","31.02","$1.98B","2017","Technology","Computer Software: Prepackaged Software","https://www.nasdaq.com/symbol/appn",
"APLE","Apple Hospitality REIT, Inc.","15.7","$3.59B","2015","Consumer Services","Real Estate Investment Trusts","https://www.nasdaq.com/symbol/aple",
"AAPL","Apple Inc.","154.94","$732.84B","1980","Technology","Computer Manufacturing","https://www.nasdaq.com/symbol/aapl",
"ARCI","Appliance Recycling Centers of America, Inc.","0.53","$4.49M","n/a","Consumer Services","Home Furnishings","https://www.nasdaq.com/symbol/arci",
"APDN","Applied DNA Sciences Inc","0.4648","$16.55M","n/a","Consumer Services","Other Consumer Services","https://www.nasdaq.com/symbol/apdn",
"APDNW","Applied DNA Sciences Inc","0.0075","n/a","n/a","Consumer Services","Other Consumer Services","https://www.nasdaq.com/symbol/apdnw",
"AGTC","Applied Genetic Technologies Corporation","3.04","$55.13M","2014","Health Care","Biotechnology: Biological Products (No Diagnostic Substances)","https://www.nasdaq.com/symbol/agtc",
"AIT","Applied Industrial Technologies, Inc.","59.07","$2.29B","n/a","Consumer Durables","Industrial Specialties","https://www.nasdaq.com/symbol/ait",
"AMAT","Applied Materials, Inc.","33.64","$32.25B","1972","Technology","Semiconductors","https://www.nasdaq.com/symbol/amat",
"AAOI","Applied Optoelectronics, Inc.","15.95","$315.79M","2013","Technology","Semiconductors","https://www.nasdaq.com/symbol/aaoi",
"AREX","Approach Resources Inc.","1.04","$98.29M","2007","Energy","Oil & Gas Production","https://www.nasdaq.com/symbol/arex",
"APRI","Apricus Biosciences, Inc.","0.264","$7.44M","n/a","Health Care","Major Pharmaceuticals","https://www.nasdaq.com/symbol/apri",
"ATR","AptarGroup, Inc.","94.71","$5.95B","n/a","Consumer Non-Durables","Plastic Products","https://www.nasdaq.com/symbol/atr",
"APVO","Aptevo Therapeutics Inc.","1.58","$36.04M","n/a","Health Care","Major Pharmaceuticals","https://www.nasdaq.com/symbol/apvo",
"APTX","Aptinyx Inc.","5.98","$200.31M","2018","Health Care","Major Pharmaceuticals","https://www.nasdaq.com/symbol/aptx",
"APTV","Aptiv PLC","70.35","$18.54B","2011","Capital Goods","Auto Parts:O.E.M.","https://www.nasdaq.com/symbol/aptv",
"APM","Aptorum Group Limited","15.18","$457.17M","2018","Health Care","Major Pharmaceuticals","https://www.nasdaq.com/symbol/apm",
"APTO","Aptose Biosciences, Inc.","2.29","$86.5M","n/a","Health Care","Biotechnology: Biological Products (No Diagnostic Substances)","https://www.nasdaq.com/symbol/apto",
"APYX","Apyx Medical Corporation","8.64","$286.88M","n/a","Health Care","Medical/Dental Instruments","https://www.nasdaq.com/symbol/apyx",
"WTR","Aqua America, Inc.","33.97","$6.04B","n/a","Public Utilities","Water Supply","https://www.nasdaq.com/symbol/wtr",
"AQMS","Aqua Metals, Inc.","1.98","$77.09M","2015","Basic Industries","Metal Fabrications","https://www.nasdaq.com/symbol/aqms",
"AQB","AquaBounty Technologies, Inc.","2.37","$35.78M","n/a","n/a","n/a","https://www.nasdaq.com/symbol/aqb",
"AQ","Aquantia Corp.","8.35","$291.04M","2017","Technology","Semiconductors","https://www.nasdaq.com/symbol/aq",
"WAAS","AquaVenture Holdings Limited","21.42","$572.58M","2016","Public Utilities","Water Supply","https://www.nasdaq.com/symbol/waas",
"AQST","Aquestive Therapeutics, Inc.","7.65","$190.81M","2018","Health Care","Major Pharmaceuticals","https://www.nasdaq.com/symbol/aqst",
"AQXP","Aquinox Pharmaceuticals, Inc.","2.36","$55.55M","2014","Health Care","Major Pharmaceuticals","https://www.nasdaq.com/symbol/aqxp",
"ARMK","Aramark","31","$7.67B","2013","Consumer Services","Restaurants","https://www.nasdaq.com/symbol/armk",
"PETX","Aratana Therapeutics, Inc.","4.1","$199.36M","2013","Health Care","Major Pharmaceuticals","https://www.nasdaq.com/symbol/petx",
"ARAV","Aravive, Inc.","3.9","$43.61M","2014","Health Care","Major Pharmaceuticals","https://www.nasdaq.com/symbol/arav",
"ABR","Arbor Realty Trust","11.35","$977.95M","2004","Consumer Services","Real Estate Investment Trusts","https://www.nasdaq.com/symbol/abr",
"ABR^A","Arbor Realty Trust","25.5067","n/a","n/a","n/a","n/a","https://www.nasdaq.com/symbol/abr^a",
"ABR^B","Arbor Realty Trust","25.167","n/a","n/a","n/a","n/a","https://www.nasdaq.com/symbol/abr^b",
"ABR^C","Arbor Realty Trust","25.6476","n/a","n/a","n/a","n/a","https://www.nasdaq.com/symbol/abr^c",
"ABUS","Arbutus Biopharma Corporation","3.89","$215.81M","n/a","Health Care","Major Pharmaceuticals","https://www.nasdaq.com/symbol/abus",
"ARC","ARC Document Solutions, Inc.","2.71","$124.09M","2004","Consumer Services","Professional Services","https://www.nasdaq.com/symbol/arc",
"ARCW","ARC Group Worldwide, Inc.","0.94","$21.95M","n/a","Capital Goods","Metal Fabrications","https://www.nasdaq.com/symbol/arcw",
"ABIO","ARCA biopharma, Inc.","0.41","$5.71M","n/a","Health Care","Biotechnology: In Vitro & In Vivo Diagnostic Substances","https://www.nasdaq.com/symbol/abio",
"RKDA","Arcadia Biosciences, Inc.","3.98","$19M","2015","Basic Industries","Agricultural Chemicals","https://www.nasdaq.com/symbol/rkda",
"ARCB","ArcBest Corporation","37.44","$961.84M","n/a","Transportation","Trucking Freight/Courier Services","https://www.nasdaq.com/symbol/arcb",
"MT","ArcelorMittal","21.83","$22.12B","n/a","Basic Industries","Steel/Iron Ore","https://www.nasdaq.com/symbol/mt",
"ACGL","Arch Capital Group Ltd.","27.87","$11.28B","n/a","Finance","Property-Casualty Insurers","https://www.nasdaq.com/symbol/acgl",
"ACGLO","Arch Capital Group Ltd.","22.37","n/a","n/a","Finance","Property-Casualty Insurers","https://www.nasdaq.com/symbol/acglo",
"ACGLP","Arch Capital Group Ltd.","21.62","n/a","n/a","Finance","Property-Casualty Insurers","https://www.nasdaq.com/symbol/acglp",
"ARCH","Arch Coal, Inc.","81.29","$1.53B","2016","Energy","Coal Mining","https://www.nasdaq.com/symbol/arch",
"ADM","Archer-Daniels-Midland Company","43.3","$24.28B","n/a","Consumer Non-Durables","Packaged Foods","https://www.nasdaq.com/symbol/adm",
"AROC","Archrock, Inc.","9.5","$1.23B","n/a","Public Utilities","Natural Gas Distribution","https://www.nasdaq.com/symbol/aroc",
"FUV","Arcimoto, Inc.","3.4931","$52.51M","2017","Consumer Non-Durables","Motor Vehicles","https://www.nasdaq.com/symbol/fuv",
"ARCE","Arco Platform Limited","21.76","$1.09B","2018","Consumer Services","Other Consumer Services","https://www.nasdaq.com/symbol/arce",
"ARNC^","Arconic Inc.","88.75","n/a","n/a","n/a","n/a","https://www.nasdaq.com/symbol/arnc^",
"ARNC","Arconic Inc.","20.1","$9.71B","n/a","Capital Goods","Metal Fabrications","https://www.nasdaq.com/symbol/arnc",
"ARCO","Arcos Dorados Holdings Inc.","8.65","$1.8B","2011","Consumer Services","Restaurants","https://www.nasdaq.com/symbol/arco",
"ACA","Arcosa, Inc.","29.66","$1.45B","2018","Capital Goods","Industrial Machinery/Components","https://www.nasdaq.com/symbol/aca",
"ARCT","Arcturus Therapeutics Ltd.","5.1","$54.66M","2013","n/a","n/a","https://www.nasdaq.com/symbol/arct",
"RCUS","Arcus Biosciences, Inc.","10.36","$460.54M","2018","Health Care","Major Pharmaceuticals","https://www.nasdaq.com/symbol/rcus",
"ARD","Ardagh Group S.A.","11.31","$2.67B","2017","Consumer Durables","Containers/Packaging","https://www.nasdaq.com/symbol/ard",
"ARDX","Ardelyx, Inc.","2.23","$138.56M","2014","Health Care","Major Pharmaceuticals","https://www.nasdaq.com/symbol/ardx",
"ASC","Ardmore Shipping Corporation","4.82","$159.53M","2013","Transportation","Marine Transportation","https://www.nasdaq.com/symbol/asc",
"ARNA","Arena Pharmaceuticals, Inc.","43.58","$2.15B","2000","Health Care","Major Pharmaceuticals","https://www.nasdaq.com/symbol/arna",
"AFC","Ares Capital Corporation","25.08","$200.64M","n/a","n/a","n/a","https://www.nasdaq.com/symbol/afc",
"ARCC","Ares Capital Corporation","16.23","$6.92B","2004","n/a","n/a","https://www.nasdaq.com/symbol/arcc",
"ACRE","Ares Commercial Real Estate Corporation","14.11","$404.94M","2012","Consumer Services","Real Estate Investment Trusts","https://www.nasdaq.com/symbol/acre",
"ARDC","Ares Dynamic Credit Allocation Fund, Inc.","14.34","$329.28M","2012","n/a","n/a","https://www.nasdaq.com/symbol/ardc",
"ARES","Ares Management Corporation","19.81","$4.33B","2014","Finance","Investment Managers","https://www.nasdaq.com/symbol/ares",
"ARES^A","Ares Management Corporation","26.25","n/a","n/a","n/a","n/a","https://www.nasdaq.com/symbol/ares^a",
"AGX","Argan, Inc.","39.67","$617.69M","n/a","Basic Industries","Engineering & Construction","https://www.nasdaq.com/symbol/agx",
"ARGX","argenx SE","102.2","$3.67B","2017","Health Care","Biotechnology: Biological Products (No Diagnostic Substances)","https://www.nasdaq.com/symbol/argx",
"ARGD","Argo Group International Holdings, Ltd.","25.13","n/a","n/a","Finance","Specialty Insurers","https://www.nasdaq.com/symbol/argd",
"ARGO","Argo Group International Holdings, Ltd.","66.4","$2.25B","n/a","Finance","Specialty Insurers","https://www.nasdaq.com/symbol/argo",
"ARDS","Aridis Pharmaceuticals Inc.","8.55","$69.3M","2018","Health Care","Major Pharmaceuticals","https://www.nasdaq.com/symbol/ards",
"ANET","Arista Networks, Inc.","221.24","$16.69B","2014","Technology","Computer Communications Equipment","https://www.nasdaq.com/symbol/anet",
"ARKR","Ark Restaurants Corp.","18.7045","$64.99M","n/a","Consumer Services","Restaurants","https://www.nasdaq.com/symbol/arkr",
"AI","Arlington Asset Investment Corp","8.15","$247.32M","n/a","Finance","Finance/Investors Services","https://www.nasdaq.com/symbol/ai",
"AI^B","Arlington Asset Investment Corp","22.5309","n/a","n/a","n/a","n/a","https://www.nasdaq.com/symbol/ai^b",
"AIC","Arlington Asset Investment Corp","22.96","n/a","2015","Finance","Finance/Investors Services","https://www.nasdaq.com/symbol/aic",
"AIW","Arlington Asset Investment Corp","23.8701","n/a","n/a","Finance","Finance/Investors Services","https://www.nasdaq.com/symbol/aiw",
"ARLO","Arlo Technologies, Inc.","7.7","$571.7M","2018","Consumer Non-Durables","Consumer Electronics/Appliances","https://www.nasdaq.com/symbol/arlo",
"AHH","Armada Hoffler Properties, Inc.","14.63","$726.05M","2013","Finance","Real Estate","https://www.nasdaq.com/symbol/ahh",
"ARR","ARMOUR Residential REIT, Inc.","20.85","$911.2M","n/a","Consumer Services","Real Estate Investment Trusts","https://www.nasdaq.com/symbol/arr",
"ARR^A","ARMOUR Residential REIT, Inc.","25.16","n/a","n/a","n/a","n/a","https://www.nasdaq.com/symbol/arr^a",
"ARR^B","ARMOUR Residential REIT, Inc.","24.405","n/a","n/a","n/a","n/a","https://www.nasdaq.com/symbol/arr^b",
"AFI","Armstrong Flooring, Inc.","12.99","$335.5M","2016","Consumer Non-Durables","Plastic Products","https://www.nasdaq.com/symbol/afi",
"AWI","Armstrong World Industries Inc","63.04","$3.12B","n/a","Consumer Non-Durables","Plastic Products","https://www.nasdaq.com/symbol/awi",
"ARTX","Arotech Corporation","3.09","$81.84M","1994","Miscellaneous","Industrial Machinery/Components","https://www.nasdaq.com/symbol/artx",
"ARQL","ArQule, Inc.","3.82","$416.36M","1996","Health Care","Major Pharmaceuticals","https://www.nasdaq.com/symbol/arql",
"ARRY","Array BioPharma Inc.","16.82","$3.58B","2000","Health Care","Major Pharmaceuticals","https://www.nasdaq.com/symbol/arry",
"ARRS","ARRIS International plc","30.95","$5.39B","n/a","Technology","Radio And Television Broadcasting And Communications Equipment","https://www.nasdaq.com/symbol/arrs",
"DWCR","Arrow DWA Country Rotation ETF","26.2701","$15.76M","n/a","n/a","n/a","https://www.nasdaq.com/symbol/dwcr",
"DWAT","Arrow DWA Tactical ETF","10.28","$5.14M","n/a","n/a","n/a","https://www.nasdaq.com/symbol/dwat",
"ARW","Arrow Electronics, Inc.","73.28","$6.39B","n/a","Consumer Non-Durables","Electronic Components","https://www.nasdaq.com/symbol/arw",
"AROW","Arrow Financial Corporation","33.25","$480.55M","n/a","Finance","Major Banks","https://www.nasdaq.com/symbol/arow",
"ARWR","Arrowhead Pharmaceuticals, Inc.","14.51","$1.34B","n/a","Health Care","Major Pharmaceuticals","https://www.nasdaq.com/symbol/arwr",
"ASNS","Arsanis, Inc.","3.25","$46.53M","2017","Health Care","Biotechnology: Biological Products (No Diagnostic Substances)","https://www.nasdaq.com/symbol/asns",
"ARTNA","Artesian Resources Corporation","34.31","$317.24M","n/a","Public Utilities","Water Supply","https://www.nasdaq.com/symbol/artna",
"AJG","Arthur J. Gallagher & Co.","73.72","$13.54B","n/a","Finance","Specialty Insurers","https://www.nasdaq.com/symbol/ajg",
"APAM","Artisan Partners Asset Management Inc.","22.77","$1.75B","2013","Finance","Investment Managers","https://www.nasdaq.com/symbol/apam",
"ARTW","Art&#39;s-Way Manufacturing Co., Inc.","2.01","$8.46M","n/a","Capital Goods","Industrial Machinery/Components","https://www.nasdaq.com/symbol/artw",
"ARVN","Arvinas, Inc.","16.29","$527M","2018","Health Care","Major Pharmaceuticals","https://www.nasdaq.com/symbol/arvn",
"ARYA","ARYA Sciences Acquisition Corp.","9.8","$176.09M","2018","Finance","Business Services","https://www.nasdaq.com/symbol/arya",
"ARYAU","ARYA Sciences Acquisition Corp.","10.34","n/a","2018","Finance","Business Services","https://www.nasdaq.com/symbol/aryau",
"ARYAW","ARYA Sciences Acquisition Corp.","1.6","n/a","2018","Finance","Business Services","https://www.nasdaq.com/symbol/aryaw",
"ASA","ASA Gold and Precious Metals Limited","9.41","$181.52M","n/a","n/a","n/a","https://www.nasdaq.com/symbol/asa",
"AKG","Asanko Gold Inc.","0.7116","$160.68M","n/a","Basic Industries","Mining & Quarrying of Nonmetallic Minerals (No Fuels)","https://www.nasdaq.com/symbol/akg",
"ABG","Asbury Automotive Group Inc","70.02","$1.37B","2002","Consumer Durables","Automotive Aftermarket","https://www.nasdaq.com/symbol/abg",
"ASNA","Ascena Retail Group, Inc.","3.07","$606.13M","n/a","Consumer Services","Clothing/Shoe/Accessory Stores","https://www.nasdaq.com/symbol/asna",
"ASND","Ascendis Pharma A/S","73.46","$3.09B","2015","Health Care","Major Pharmaceuticals","https://www.nasdaq.com/symbol/asnd",
"ASCMA","Ascent Capital Group, Inc.","0.4011","$4.99M","n/a","Consumer Services","Other Consumer Services","https://www.nasdaq.com/symbol/ascma",
"ASX","ASE Technology Holding Co., Ltd.","3.76","$7.85B","2018","Technology","Semiconductors","https://www.nasdaq.com/symbol/asx",
"ASGN","ASGN Incorporated","60.57","$3.18B","1992","Technology","Professional Services","https://www.nasdaq.com/symbol/asgn",
"AHT","Ashford Hospitality Trust Inc","4.67","$471.85M","2003","Consumer Services","Real Estate Investment Trusts","https://www.nasdaq.com/symbol/aht",
"AHT^D","Ashford Hospitality Trust Inc","24.85","n/a","n/a","n/a","n/a","https://www.nasdaq.com/symbol/aht^d",
"AHT^F","Ashford Hospitality Trust Inc","21.1399","n/a","n/a","n/a","n/a","https://www.nasdaq.com/symbol/aht^f",
"AHT^G","Ashford Hospitality Trust Inc","21","n/a","n/a","n/a","n/a","https://www.nasdaq.com/symbol/aht^g",
"AHT^H","Ashford Hospitality Trust Inc","21.325","n/a","n/a","n/a","n/a","https://www.nasdaq.com/symbol/aht^h",
"AHT^I","Ashford Hospitality Trust Inc","21.27","n/a","n/a","n/a","n/a","https://www.nasdaq.com/symbol/aht^i",
"AINC","Ashford Inc.","50.81","$121.47M","2014","Consumer Services","Professional Services","https://www.nasdaq.com/symbol/ainc",
"ASH","Ashland Global Holdings Inc.","76.04","$4.75B","n/a","Consumer Durables","Specialty Chemicals","https://www.nasdaq.com/symbol/ash",
"APB","Asia Pacific Fund, Inc. (The)","11.53","$119.27M","n/a","n/a","n/a","https://www.nasdaq.com/symbol/apb",
"APWC","Asia Pacific Wire & Cable Corporation Limited","2.0308","$28.06M","n/a","Basic Industries","Telecommunications Equipment","https://www.nasdaq.com/symbol/apwc",
"ASLN","ASLAN Pharmaceuticals Limited","3.56","$114.1M","2018","Health Care","Major Pharmaceuticals","https://www.nasdaq.com/symbol/asln",
"ASML","ASML Holding N.V.","157.28","$67.09B","1995","Technology","Industrial Machinery/Components","https://www.nasdaq.com/symbol/asml",
"ASPN","Aspen Aerogels, Inc.","2.75","$65.92M","2014","Consumer Services","RETAIL: Building Materials","https://www.nasdaq.com/symbol/aspn",
"ASPU","Aspen Group Inc.","4.7601","$87.46M","n/a","Consumer Services","Other Consumer Services","https://www.nasdaq.com/symbol/aspu",
"AHL","Aspen Insurance Holdings Limited","42.24","$2.52B","2003","Finance","Property-Casualty Insurers","https://www.nasdaq.com/symbol/ahl",
"AHL^C","Aspen Insurance Holdings Limited","24.45","n/a","n/a","n/a","n/a","https://www.nasdaq.com/symbol/ahl^c",
"AHL^D","Aspen Insurance Holdings Limited","23.22","n/a","n/a","n/a","n/a","https://www.nasdaq.com/symbol/ahl^d",
"AZPN","Aspen Technology, Inc.","89.73","$6.35B","1994","Technology","EDP Services","https://www.nasdaq.com/symbol/azpn",
"ASMB","Assembly Biosciences, Inc.","21.29","$542.11M","n/a","Health Care","Major Pharmaceuticals","https://www.nasdaq.com/symbol/asmb",
"ASRT","Assertio Therapeutics, Inc.","4.22","$269.82M","n/a","Health Care","Major Pharmaceuticals","https://www.nasdaq.com/symbol/asrt",
"ASB","Associated Banc-Corp","20.94","$3.47B","n/a","Finance","Major Banks","https://www.nasdaq.com/symbol/asb",
"ASB^C","Associated Banc-Corp","25.65","n/a","n/a","n/a","n/a","https://www.nasdaq.com/symbol/asb^c",
"ASB^D","Associated Banc-Corp","23.8318","n/a","n/a","n/a","n/a","https://www.nasdaq.com/symbol/asb^d",
"ASB^E","Associated Banc-Corp","24.515","n/a","n/a","n/a","n/a","https://www.nasdaq.com/symbol/asb^e",
"AC","Associated Capital Group, Inc.","39.34","$888.99M","2015","Finance","Investment Bankers/Brokers/Service","https://www.nasdaq.com/symbol/ac",
"AIZ","Assurant, Inc.","94.41","$5.86B","2004","Finance","Accident &Health Insurance","https://www.nasdaq.com/symbol/aiz",
"AIZP","Assurant, Inc.","102.75","n/a","n/a","Finance","Accident &Health Insurance","https://www.nasdaq.com/symbol/aizp",
"AGO","Assured Guaranty Ltd.","39.84","$4.21B","2004","Finance","Property-Casualty Insurers","https://www.nasdaq.com/symbol/ago",
"AGO^B","Assured Guaranty Ltd.","26.02","n/a","n/a","n/a","n/a","https://www.nasdaq.com/symbol/ago^b",
"AGO^E","Assured Guaranty Ltd.","25.57","n/a","n/a","n/a","n/a","https://www.nasdaq.com/symbol/ago^e",
"AGO^F","Assured Guaranty Ltd.","24.6","n/a","n/a","n/a","n/a","https://www.nasdaq.com/symbol/ago^f",
"ASFI","Asta Funding, Inc.","4.24","$28.35M","1995","Finance","Finance Companies","https://www.nasdaq.com/symbol/asfi",
"ASTE","Astec Industries, Inc.","36.34","$828.46M","1986","Capital Goods","Construction/Ag Equipment/Trucks","https://www.nasdaq.com/symbol/aste",
"AST","Asterias Biotherapeutics, Inc.","0.75","$41.74M","n/a","Health Care","Biotechnology: Biological Products (No Diagnostic Substances)","https://www.nasdaq.com/symbol/ast",
"AZN","Astrazeneca PLC","35.79","$90.69B","n/a","Health Care","Major Pharmaceuticals","https://www.nasdaq.com/symbol/azn",
"ATRO","Astronics Corporation","30.16","$974.67M","n/a","Capital Goods","Military/Government/Technical","https://www.nasdaq.com/symbol/atro",
"ALOT","AstroNova, Inc.","19.36","$134.61M","1983","Technology","Computer peripheral equipment","https://www.nasdaq.com/symbol/alot",
"ASTC","Astrotech Corporation","4.36","$17.86M","n/a","Capital Goods","Biotechnology: Laboratory Analytical Instruments","https://www.nasdaq.com/symbol/astc",
"ASUR","Asure Software Inc","5.79","$88.86M","n/a","Technology","EDP Services","https://www.nasdaq.com/symbol/asur",
"ASV","ASV Holdings, Inc.","3.25","$31.97M","2017","Capital Goods","Construction/Ag Equipment/Trucks","https://www.nasdaq.com/symbol/asv",
"HOME","At Home Group Inc.","20.51","$1.3B","2016","Consumer Services","Home Furnishings","https://www.nasdaq.com/symbol/home",
"T","AT&T Inc.","30.56","$222.42B","n/a","Public Utilities","Telecommunications Equipment","https://www.nasdaq.com/symbol/t",
"TBB","AT&T Inc.","24.13","n/a","2017","Public Utilities","Telecommunications Equipment","https://www.nasdaq.com/symbol/tbb",
"TBC","AT&T Inc.","24.36","n/a","2018","Public Utilities","Telecommunications Equipment","https://www.nasdaq.com/symbol/tbc",
"ATAI","ATA Inc.","0.9821","$23.78M","2008","Consumer Services","Other Consumer Services","https://www.nasdaq.com/symbol/atai",
"ATRA","Atara Biotherapeutics, Inc.","36.01","$1.64B","2014","Health Care","Biotechnology: Biological Products (No Diagnostic Substances)","https://www.nasdaq.com/symbol/atra",
"ATTO","Atento S.A.","4.21","$311.16M","2014","Public Utilities","Telecommunications Equipment","https://www.nasdaq.com/symbol/atto",
"ATHN","athenahealth, Inc.","133.52","$5.5B","2007","Miscellaneous","Business Services","https://www.nasdaq.com/symbol/athn",
"ATH","Athene Holding Ltd.","43.39","$8.67B","2016","Finance","Life Insurance","https://www.nasdaq.com/symbol/ath",
"ATNX","Athenex, Inc.","11.88","$794.7M","2017","Health Care","Major Pharmaceuticals","https://www.nasdaq.com/symbol/atnx",
"ATHX","Athersys, Inc.","1.41","$199.86M","n/a","Health Care","Major Pharmaceuticals","https://www.nasdaq.com/symbol/athx",
"ATKR","Atkore International Group Inc.","21.84","$1.03B","2016","Miscellaneous","Industrial Machinery/Components","https://www.nasdaq.com/symbol/atkr",
"AAME","Atlantic American Corporation","2.5","$50.5M","n/a","Finance","Life Insurance","https://www.nasdaq.com/symbol/aame",
"ACBI","Atlantic Capital Bancshares, Inc.","17.99","$469.68M","n/a","Finance","Major Banks","https://www.nasdaq.com/symbol/acbi",
"AT","Atlantic Power Corporation","2.49","$272.34M","n/a","Energy","Electric Utilities: Central","https://www.nasdaq.com/symbol/at",
"AY","Atlantica Yield plc","18.41","$1.84B","2014","Public Utilities","Electric Utilities: Central","https://www.nasdaq.com/symbol/ay",
"ATLC","Atlanticus Holdings Corporation","3.45","$53.05M","1995","Finance","Finance: Consumer Services","https://www.nasdaq.com/symbol/atlc",
"AAWW","Atlas Air Worldwide Holdings","47.94","$1.23B","n/a","Transportation","Transportation Services","https://www.nasdaq.com/symbol/aaww",
"AFH","Atlas Financial Holdings, Inc.","9.59","$114.48M","2013","Finance","Property-Casualty Insurers","https://www.nasdaq.com/symbol/afh",
"AFHBL","Atlas Financial Holdings, Inc.","24.8","n/a","n/a","Finance","Property-Casualty Insurers","https://www.nasdaq.com/symbol/afhbl",
"TEAM","Atlassian Corporation Plc","94.32","$22.46B","2015","Technology","Computer Software: Prepackaged Software","https://www.nasdaq.com/symbol/team",
"ATO","Atmos Energy Corporation","94.36","$11.03B","n/a","Public Utilities","Oil/Gas Transmission","https://www.nasdaq.com/symbol/ato",
"ATNI","ATN International, Inc.","75.74","$1.21B","n/a","Public Utilities","Telecommunications Equipment","https://www.nasdaq.com/symbol/atni",
"ATOM","Atomera Incorporated","2.99","$44.95M","2016","Technology","Semiconductors","https://www.nasdaq.com/symbol/atom",
"ATOS","Atossa Genetics Inc.","1.27","$7.17M","2012","Health Care","Major Pharmaceuticals","https://www.nasdaq.com/symbol/atos",
"ATRC","AtriCure, Inc.","30.81","$1.19B","2005","Health Care","Medical/Dental Instruments","https://www.nasdaq.com/symbol/atrc",
"ATRI","Atrion Corporation","742.98","$1.38B","n/a","Health Care","Medical/Dental Instruments","https://www.nasdaq.com/symbol/atri",
"ATIS","Attis Industries Inc.","0.2596","$5.79M","n/a","Basic Industries","Miscellaneous","https://www.nasdaq.com/symbol/atis",
"ATISW","Attis Industries Inc.","0.0671","n/a","n/a","Basic Industries","Miscellaneous","https://www.nasdaq.com/symbol/atisw",
"ATTU","Attunity Ltd.","23.39","$499.07M","n/a","Technology","Computer Software: Prepackaged Software","https://www.nasdaq.com/symbol/attu",
"LIFE","aTyr Pharma, Inc.","0.578","$17.35M","2015","Health Care","Biotechnology: Biological Products (No Diagnostic Substances)","https://www.nasdaq.com/symbol/life",
"AUO","AU Optronics Corp","4.1","$3.95B","2002","Technology","Semiconductors","https://www.nasdaq.com/symbol/auo",
"AUBN","Auburn National Bancorporation, Inc.","34.82","$126.88M","n/a","Finance","Major Banks","https://www.nasdaq.com/symbol/aubn",
"BOLD","Audentes Therapeutics, Inc.","24.58","$1.05B","2016","Health Care","Biotechnology: Biological Products (No Diagnostic Substances)","https://www.nasdaq.com/symbol/bold",
"AUDC","AudioCodes Ltd.","12.87","$370.87M","1999","Public Utilities","Telecommunications Equipment","https://www.nasdaq.com/symbol/audc",
"AEYE","AudioEye, Inc.","8.99","$67.86M","n/a","Technology","Computer Software: Prepackaged Software","https://www.nasdaq.com/symbol/aeye",
"AUPH","Aurinia Pharmaceuticals Inc","7.31","$623.86M","n/a","Health Care","Major Pharmaceuticals","https://www.nasdaq.com/symbol/auph",
"EARS","Auris Medical Holding AG","0.438","$14.77M","2014","Health Care","Major Pharmaceuticals","https://www.nasdaq.com/symbol/ears",
"ACB","Aurora Cannabis Inc.","7.33","$7.32B","n/a","Consumer Durables","Specialty Chemicals","https://www.nasdaq.com/symbol/acb",
"JG","Aurora Mobile Limited","6.42","$756.29M","2018","Technology","Computer Software: Programming, Data Processing","https://www.nasdaq.com/symbol/jg",
"AUG","Auryn Resources Inc.","0.9263","$83.73M","n/a","Basic Industries","Precious Metals","https://www.nasdaq.com/symbol/aug",
"ADSK","Autodesk, Inc.","135.3","$29.63B","n/a","Technology","Computer Software: Prepackaged Software","https://www.nasdaq.com/symbol/adsk",
"ATHM","Autohome Inc.","69.83","$8.18B","2013","Technology","EDP Services","https://www.nasdaq.com/symbol/athm",
"ALV","Autoliv, Inc.","77.64","$6.77B","n/a","Capital Goods","Auto Parts:O.E.M.","https://www.nasdaq.com/symbol/alv",
"AUTL","Autolus Therapeutics plc","30.87","$1.24B","2018","Health Care","Biotechnology: Biological Products (No Diagnostic Substances)","https://www.nasdaq.com/symbol/autl",
"ADP","Automatic Data Processing, Inc.","132.76","$58.11B","n/a","Technology","EDP Services","https://www.nasdaq.com/symbol/adp",
"AN","AutoNation, Inc.","37.7","$3.39B","n/a","Consumer Durables","Automotive Aftermarket","https://www.nasdaq.com/symbol/an",
"AUTO","AutoWeb, Inc.","3.53","$45.71M","n/a","Technology","Computer Software: Programming, Data Processing","https://www.nasdaq.com/symbol/auto",
"AZO","AutoZone, Inc.","832.96","$20.99B","n/a","Consumer Services","Other Specialty Stores","https://www.nasdaq.com/symbol/azo",
"AVDL","Avadel Pharmaceuticals plc","2.57","$95.12M","n/a","Health Care","Major Pharmaceuticals","https://www.nasdaq.com/symbol/avdl",
"AVLR","Avalara, Inc.","39.98","$2.66B","2018","Technology","Computer Software: Prepackaged Software","https://www.nasdaq.com/symbol/avlr",
"AVCO","Avalon GloboCare Corp.","3.9","$284.86M","n/a","Consumer Services","Professional Services","https://www.nasdaq.com/symbol/avco",
"AWX","Avalon Holdings Corporation","3","$11.41M","n/a","Public Utilities","Environmental Services","https://www.nasdaq.com/symbol/awx",
"AVB","AvalonBay Communities, Inc.","182.16","$25.18B","n/a","Consumer Services","Real Estate Investment Trusts","https://www.nasdaq.com/symbol/avb",
"AGR","Avangrid, Inc.","49","$15.14B","2015","Public Utilities","Electric Utilities: Central","https://www.nasdaq.com/symbol/agr",
"AVNS","Avanos Medical, Inc.","44.44","$2.11B","2014","Health Care","Industrial Specialties","https://www.nasdaq.com/symbol/avns",
"AVYA","Avaya Holdings Corp.","15.68","$1.73B","n/a","Public Utilities","Telecommunications Equipment","https://www.nasdaq.com/symbol/avya",
"ATXI","Avenue Therapeutics, Inc.","6.35","$67.74M","2017","Health Care","Major Pharmaceuticals","https://www.nasdaq.com/symbol/atxi",
"AVEO","AVEO Pharmaceuticals, Inc.","1.98","$248.19M","2010","Health Care","Major Pharmaceuticals","https://www.nasdaq.com/symbol/aveo",
"AVY","Avery Dennison Corporation","93.33","$8.09B","n/a","Consumer Durables","Containers/Packaging","https://www.nasdaq.com/symbol/avy",
"AVH","Avianca Holdings S.A.","4.81","$599.44M","2013","Transportation","Air Freight/Delivery Services","https://www.nasdaq.com/symbol/avh",
"AVNW","Aviat Networks, Inc.","13.98","$75.84M","n/a","Technology","Radio And Television Broadcasting And Communications Equipment","https://www.nasdaq.com/symbol/avnw",
"CDMO","Avid Bioservices, Inc.","4.26","$238.85M","n/a","Health Care","Major Pharmaceuticals","https://www.nasdaq.com/symbol/cdmo",
"CDMOP","Avid Bioservices, Inc.","25.5","$17.85M","n/a","Health Care","Major Pharmaceuticals","https://www.nasdaq.com/symbol/cdmop",
"AVID","Avid Technology, Inc.","4.78","$200.06M","1993","Technology","Computer Software: Prepackaged Software","https://www.nasdaq.com/symbol/avid",
"AVGR","Avinger, Inc.","0.2798","$6.56M","2015","Health Care","Medical/Dental Instruments","https://www.nasdaq.com/symbol/avgr",
"ASM","Avino Silver","0.6201","$39.28M","n/a","Basic Industries","Precious Metals","https://www.nasdaq.com/symbol/asm",
"CAR","Avis Budget Group, Inc.","25.81","$2B","n/a","Consumer Services","Rental/Leasing Companies","https://www.nasdaq.com/symbol/car",
"AVA","Avista Corporation","40.91","$2.69B","n/a","Public Utilities","Power Generation","https://www.nasdaq.com/symbol/ava",
"AVT","Avnet, Inc.","41.43","$4.61B","n/a","Consumer Non-Durables","Electronic Components","https://www.nasdaq.com/symbol/avt",
"AVP","Avon Products, Inc.","1.9","$840.48M","n/a","Consumer Non-Durables","Package Goods/Cosmetics","https://www.nasdaq.com/symbol/avp",
"AVRO","AVROBIO, Inc.","13.7","$328.2M","2018","Health Care","Biotechnology: Biological Products (No Diagnostic Substances)","https://www.nasdaq.com/symbol/avro",
"AVX","AVX Corporation","16.28","$2.75B","n/a","Capital Goods","Electrical Products","https://www.nasdaq.com/symbol/avx",
"AWRE","Aware, Inc.","3.69","$79.5M","1996","Technology","Computer Software: Prepackaged Software","https://www.nasdaq.com/symbol/awre",
"EQH","AXA Equitable Holdings, Inc.","18.7","$9.89B","2018","Finance","Specialty Insurers","https://www.nasdaq.com/symbol/eqh",
"AXTA","Axalta Coating Systems Ltd.","24.87","$5.94B","2014","Basic Industries","Paints/Coatings","https://www.nasdaq.com/symbol/axta",
"ACLS","Axcelis Technologies, Inc.","19.26","$624.26M","2000","Technology","Industrial Machinery/Components","https://www.nasdaq.com/symbol/acls",
"AXS","Axis Capital Holdings Limited","54.38","$4.55B","2003","Finance","Property-Casualty Insurers","https://www.nasdaq.com/symbol/axs",
"AXS^D","Axis Capital Holdings Limited","23.1","n/a","n/a","n/a","n/a","https://www.nasdaq.com/symbol/axs^d",
"AXS^E","Axis Capital Holdings Limited","23.06","n/a","n/a","n/a","n/a","https://www.nasdaq.com/symbol/axs^e",
"AXGN","AxoGen, Inc.","14.62","$565.4M","n/a","Health Care","Biotechnology: Electromedical & Electrotherapeutic Apparatus","https://www.nasdaq.com/symbol/axgn",
"AAXN","Axon Enterprise, Inc.","49.63","$2.92B","n/a","Capital Goods","Ordnance And Accessories","https://www.nasdaq.com/symbol/aaxn",
"AXNX","Axonics Modulation Technologies, Inc.","14.95","$415.69M","2018","Health Care","Medical/Dental Instruments","https://www.nasdaq.com/symbol/axnx",
"AX","Axos Financial, Inc.","27.93","$1.75B","n/a","Finance","Savings Institutions","https://www.nasdaq.com/symbol/ax",
"AXO","Axos Financial, Inc.","25.2","n/a","n/a","Finance","Savings Institutions","https://www.nasdaq.com/symbol/axo",
"AXON          ","Axovant Sciences Ltd.","1.1","$134.51M","n/a","Health Care","Major Pharmaceuticals","https://www.nasdaq.com/symbol/axon",
"AXSM","Axsome Therapeutics, Inc.","8.06","$263.52M","2015","Health Care","Major Pharmaceuticals","https://www.nasdaq.com/symbol/axsm",
"AXTI","AXT Inc","3.92","$154.99M","1998","Technology","Semiconductors","https://www.nasdaq.com/symbol/axti",
"AYTU","Aytu BioScience, Inc.","0.97","$8.38M","n/a","Health Care","Major Pharmaceuticals","https://www.nasdaq.com/symbol/aytu",
"AZUL","Azul S.A.","29.22","$3.29B","2017","Transportation","Air Freight/Delivery Services","https://www.nasdaq.com/symbol/azul",
"AZRE","Azure Power Global Limited","8.64","$353.72M","2016","Public Utilities","Electric Utilities: Central","https://www.nasdaq.com/symbol/azre",
"AZRX","AzurRx BioPharma, Inc.","2.3","$40.65M","2016","Health Care","Major Pharmaceuticals","https://www.nasdaq.com/symbol/azrx",
"AZZ","AZZ Inc.","44.44","$1.16B","n/a","Consumer Durables","Building Products","https://www.nasdaq.com/symbol/azz",
